word,count
wa,1428
ni,973
season,855
wo,779
2,775
part,694
isekai,606
movie,500
ga,457
x,447
sekai,423
2nd,417
de,365
koi,364
suru,327
-,297
kimetsu,287
spy,279
family,278
na,276
shoujo,264
kaguya-sama,248
shingeki,248
dasu,247
honki,240
tensei:,240
ittara,239
mushoku,239
romantic,236
tensei,235
kokurasetai:,226
e,219
cyberpunk:,216
edgerunners,216
dragon,215
doll,214
sono,211
man,209
final,209
bisque,203
kimi,202
game,202
one,195
yuusha,195
kanojo,195
yaiba:,193
rock!,192
bocchi,192
blue,186
86,182
boku,180
ultra,177
mob,167
chainsaw,166
"wa,",164
yuukaku-hen,163
nai,162
hunter,162
desu.,161
komi-san,160
comyushou,160
ousama,156
ranking,155
bouken,154
desu,151
kimyou,150
jojo,150
otome,150
kyojin:,149
kaisen,146
animation,146
senshi,146
saikyou,146
jujutsu,146
violet,145
evergarden,145
hero,145
tokyo,144
piece,134
boy,131
love,131
kidou,130
maid,129
black,128
death,124
school,121
academia,117
3,115
dake,114
ja,113
ore,112
ken,111
kara,110
movie:,108
mo,108
ball,106
made,106
sword,106
chi,106
kyojin,105
mahou,104
koumei,104
paripi,104
0,103
art,102
kono,102
sonny,101
shijou,100
note,100
kyoushitsu,100
stone,99
period,98
girl,97
renai,97
(tv),96
kawaii,94
psycho,94
kobayashi-san,93
hime,92
seishun,92
100,92
yaiba,92
shugi,92
fullmetal,91
shitara,90
revengers,89
uta,88
shin,87
3:,86
maou,84
steins;gate,84
alchemist:,84
tsuki,83
ao,82
dance,82
brotherhood,82
yofukashi,81
render,80
genesis,80
evangelion,80
neon,80
summertime,80
naruto,79
tomodachi,79
ii,79
world,79
lycoris,78
life,78
recoil,78
ryuu,78
mieruko-chan,77
cowboy,76
hanayome,75
ka?,74
bokutachi,74
fruits,74
senpai,74
slow,73
monogatari,72
sennen,72
high,72
datta,72
iii,71
vanitas,71
yoru,71
sobakasu,71
karte,71
mugen,70
6:,70
slime,70
ocean,70
youkoso,69
yume,69
zunousen,69
kibishii,69
destiny,69
tensai-tachi,69
bubble,68
odd,67
horimiya,67
hana,67
buta,67
takt,67
taxi,67
op.,67
&,67
5-toubun,66
code,66
gundam,66
(2011),66
kessen-hen,65
bleach:,64
bebop,64
shokugyou,64
kizoku,64
"ansatsusha,",64
saikou,64
song,64
abyss,64
time,64
hangyaku,63
ressha-hen,63
gundam:,63
ashi,63
shikimori-san,63
majo,62
seikatsu,62
monster,62
nariagari,61
okarishimasu,61
geass:,61
live!,61
party,61
"kanojo,",61
tate,61
kaze,61
saga,61
koe,61
3rd,61
hoshi,61
killer,60
shuumatsu,60
super,60
uchi,60
yarou,60
aria,59
yakusoku,59
lelouch,59
naku,59
koro,59
arifureta,59
kenja,59
bishoujo,59
clover,58
online:,58
katachi,58
minai,58
road,58
reijou,58
harem,58
kage,58
jitsuryoku,58
naru,57
jitsuryokusha,57
higurashi,57
naritakute!,57
sailor-fuku,56
ojisan,56
akebi-chan,56
hajimeru,55
"yuusha,",55
yamemasu,55
evangelion:,55
hitorigurashi,54
koukou,53
re:zero,53
great,53
end,53
overlord,53
uso,53
densetsu,53
shimashita,53
kotarou,53
dailiren,52
koto,52
shiguang,52
vampire,52
sasaki,52
bunny,51
hakarenai,51
aharen-san,51
karakai,51
miyano,51
kuro,51
gakkou,51
progressive,51
meikyuu,51
jouzu,51
star,51
kill,51
akuyaku,51
takagi-san,50
toradora!,50
anata,49
nakama,49
virgin,49
iv,49
seifuku,49
online,48
"node,",48
saihate,48
machi,48
henkyou,48
oidasareta,48
shokei,48
sensou,48
gakuen,48
paladin,48
ka,47
pokemon,47
vivy:,47
story,47
days,47
fluorite,47
basket:,47
eye's,47
nano,47
wa.,47
vinland,46
sedai,46
punch,46
watashi,45
girls,45
nagatoro-san,45
ato,45
idaten-tachi,45
shukufuku,45
z,45
yuru,45
"ijiranaide,",45
heion,45
musume,45
hi,45
ai,45
madoka★magica,45
fumetsu,45
fantasy,44
subarashii,44
genjitsu,44
zero,44
wo!,44
senki,44
angel,44
dr.,44
shou,44
dungeon,44
heroine,43
golden,43
shigatsu,43
gaikotsu,43
naki,43
tadaima,42
d,42
fate/stay,42
nani,42
yori,42
visions,42
ginga,42
wars:,42
ansatsu,41
specials,41
douchuu,41
abyss:,41
retsujitsu,41
"kishi-sama,",41
michibiku,41
ougonkyou,41
odekakechuu,41
(ona),40
lock,40
fuufu,40
samurai,40
beats!,39
wang,39
tensai,39
inai,39
princess,39
club,39
koibito,39
comedy,38
ouji,37
miman.,37
tame,37
"ijou,",37
nana,37
ano,37
danseur,37
night,37
suna,37
5th,37
nichijou,37
bleach,37
remake,37
shounen,36
aquatope,36
lupin,36
ko,36
kami,36
shiroi,36
akiba,36
deshita,36
gurren,36
meido,36
gintama,36
last,36
sei,35
otogibanashi,35
yourself!!,35
jutsushi,35
hametsu,35
kaifuku,35
hataraku,35
camp△,35
yarinaoshi,35
tengen,35
toppa,35
"ga,",35
taishou,35
youkoso!,35
oujo,34
non,34
oukoku,34
suisei,34
kusuo,34
shite,34
lagann,34
eiyuu,34
saiki,34
saikenki,34
gakuin,33
shiro,33
kiss,33
nhk,33
serial,33
bisco,33
reimei,33
juniku,33
sabikui,33
next,33
motomeru,33
dai,33
fairy,33
deai,33
shiranai,33
darou,33
machigatteiru,33
demo,33
experiments,33
basket,33
lain,33
shison-tachi,32
ougon,32
futekigousha:,32
superstar!!,32
"shiso,",32
joshikousei,32
kouhai,32
kayou,32
uzai,32
suizou,32
iii:,32
namae,32
shika,32
hanashi,32
tabetai,32
kumo,32
kishi,31
shokudou,31
shisho,31
neverland,31
ghost,31
goblin,31
ova,31
shi,31
erandeiraremasen,31
gekokujou:,31
honzuki,31
shudan,31
ψ-nan,30
haikyuu!!,30
lion,30
shokugeki,30
summer,30
naruto:,30
5,30
darling,30
initial,30
franxx,30
kakegurui,30
tonikaku,30
3-gatsu,30
danshi,29
shippuuden,29
seirei,29
cider,29
2:,29
fate/zero,29
kotoba,29
wu,29
yahari,29
tenkuu,29
wakiagaru,29
la,29
machigatteiru.,29
kuma,28
banana,28
shiteshimatta...,28
nite,28
mada,28
flag,28
platinum,28
shiranai.,28
kaizoku,28
tenki,28
youjo,28
fish,28
stage,28
first,28
mita,28
shinchou,28
fate/grand,28
saisei,27
kingdom,27
sailor,27
moon,27
qi,27
shitai,27
idol,27
kokka,27
mirai,27
sayonara,27
trigger,27
iya,27
akaji,27
red,27
bocchan,27
boruto:,27
tora,27
jutsu,27
beastars,27
flops,27
order:,27
dxd,27
shinka,27
generations,27
trigun,27
da,27
heike,26
mononoke,26
blade,26
kiseijuu:,26
sakana-tachi,26
parade,26
reviewers,26
jikan,26
battle,26
josee,26
ishuzoku,26
daichi,26
berserk,26
film:,26
tian,26
leadale,26
shinigami,26
kakuritsu,26
sora,26
super:,26
company,26
wing:,26
(movie),25
tantei,25
jahy-sama,25
chuunibyou,25
r2,25
oemojisangjuui,25
garden,25
live,25
diamond,25
tenshi,25
kanata,25
yakkyoku,25
flcl,25
asa,25
kujikenai!,25
shitai!,25
another,25
bungou,25
suki,24
kuni,24
mairimashita!,24
shinu,24
tamashii,24
iruma-kun,24
ultimate,24
denki,24
kageki,24
stray,24
shoujo!!,24
4:,24
full,24
xian,24
crybaby,24
god,24
devilman:,24
oniisan,24
pretender,24
kenpuu,24
uramichi,24
gintama:,24
champloo,24
sodatekata,23
kyoukai,23
sugar,23
yagate,23
deaimon,23
gyakushuu,23
heaven's,23
psycho-pass,23
feel,23
dao,23
hai,23
dogs,23
soul,23
gensouki,23
k-on!,23
nikki,23
saenai,23
kyuuketsuki,22
omoimasu.,22
special,22
kodomo,22
new,22
teacher,22
charlotte,22
sotsu,22
hirou.,22
girls',22
given,22
dororo,22
hige,22
nazo,22
birdie,22
sugu,22
kyokufuri,22
bougyoryoku,22
akira,22
golf,22
date,22
soshite,22
sewagakari,22
soru.,22
crown,22
peach,22
neko,22
kokurasetai?,22
itai,22
joshi,22
kumichou,22
onizuka,21
dou,21
megalo,21
boss,21
shoujo☆kageki,21
conan,21
1st,21
tail,21
uzaki-chan,21
asobitai!,21
kazarou,21
koukousei,21
heroes',21
kattemimashita,21
box,21
nosferatu,21
mission,21
pet,21
shadows,21
house,21
ryman's,21
zhi,21
yojouhan,21
aoi,21
4th,21
koukaku,21
stone:,21
stardust,21
revue,21
souma,21
uchuu,21
yuukoku,21
moriarty,21
soredemo,21
laika,20
sugiru,20
mendokusai,20
kuzu,20
asobi,20
1:,20
bakemonogatari,20
kuroitsu-san,20
thrice,20
connect!,20
jinsei,20
yu☆gi☆oh!,20
gokushufudou,20
kirei,20
honkai,20
kangaetemo,20
starlight,20
detective,20
kaihatsu-bu,20
re:dive,20
kaijin,20
upon,20
toaru,20
majutsushi,20
motenai,20
zu,20
"healer,",20
omaera,20
tonari,20
3.0+1.0,20
crusaders,20
orange,19
ochita,19
sen,19
(2022),19
étranger,19
richang,19
ookami,19
centimeter,19
∬,19
clannad:,19
project,19
sk∞,19
warui!,19
riverside,19
baki:,19
iv:,19
memories,19
grand,19
5:,19
nanatsu,19
seijo,19
umibe,19
asobase,19
edens,19
danchi,19
elfen,19
byousoku,19
pian,19
mahoutsukai,19
mew,18
pride,18
3d,18
perfect,18
gakeppuchi,18
life:,18
ming,18
prison,18
renmei,18
kamikakushi,18
bannou,18
tsubaki,18
nomad:,18
tsukisusumu,18
shitemita.,18
real,18
ame,18
guan,18
mamahaha,18
shenghuo,18
vermeil:,18
chihiro,18
happy,18
biyori,18
ashita,18
fukaki,18
heart,18
enen,18
iinazuke,18
kakkou,18
yakusai,18
yuki,18
macross,18
prelude,18
shen,18
kinsou,18
hellsing,17
mahouka,17
howl,17
zankyou,17
cavalry,17
lied,17
meikyuu-hen,17
level,17
kanojo:,17
akame,17
kill!,17
suzumiya,17
ryokou,17
tsurego,17
kachigumi,17
akudama,17
ci,17
utagoe,17
doupo,17
max,17
witch,17
hyouka,17
drive,17
terror,17
sensen,17
rikei,17
kikasete,17
kudakenai,17
gensou,17
rpg,17
ugoku,17
shoumei,17
haruhi,17
zoku,17
sakura-sou,17
maryoku,17
mi:,17
nian,17
(2019),17
bakuman.,17
motokano,17
rakudai,17
majutsu,17
little,17
priority,16
nattemashita,16
alternative,16
"300-nen,",16
yi,16
ouran,16
imouto,16
ping,16
spring,16
densetsu:,16
pong,16
yumemiru,16
shaman,16
king,16
sakura,16
wonder,16
host,16
second,16
egg,16
grimgar,16
warawanai,16
chikyuugai,16
aggressive,16
slayer,16
taoshite,16
koko,16
kagaku,16
ling,16
ajin,16
stampede,16
pretty,16
k-on!!,16
loop,16
saibou,15
shita,15
retsuko,15
ayumu,15
daibouken,15
koukyuu,15
gou,15
gal,15
hakozume:,15
kani,15
niwa,15
haibane,15
zettai,15
lovely★complex,15
bokura,15
yosetekuru,15
engage,15
inochi,15
ankoku,15
dorohedoro,15
(2020),15
kotonoha,15
metal,15
mori,15
guilty,15
kokoro,15
yo,15
kouban,15
mushishi,15
deshi,15
muzukashii,15
karasu,15
domestic,15
natsume,15
hajime,15
blood,15
ue,15
wotaku,15
healer,15
akatsuki,15
shenmue,15
plastic,15
shinsekai,15
"mou,",14
kunoichi,14
lagoon,14
astra,14
wars,14
haka,14
top,14
seven,14
kamisama,14
romae,14
blues,14
hakaishin,14
berserk:,14
runner:,14
shindeiru.,14
id:invaded,14
oto,14
bastard!!,14
kuse,14
yobu,14
hotaru,14
tomozaki-kun,14
mune,14
long,14
yome,14
senko-san,14
yuusha:,14
tatteiru,14
jidai-hen,14
magic,14
xing,14
kaginado,14
ghoul,14
shouboutai,14
100-man,14
thermae,14
yuuki,14
shinai,14
eiga,14
iru,14
kakumei,14
ryuusui,14
tueee,14
joe,14
sengoku,14
hanma,14
jaku-chara,14
digimon,14
91,14
tsugeru,14
eater,14
rao,14
yuu☆yuu☆hakusho,14
cool,14
daisuki,14
oyasumi,13
dive,13
susume,13
jashin-chan,13
hyouryuu,13
nami,13
cheat,13
sotogawa,13
kyuukyoku,13
park,13
ameagari,13
yuuna,13
shiru,13
ippo,13
machine,13
kataritai,13
sankaku,13
alice,13
zetsubou,13
miru,13
crooks,13
ice,13
mousou,13
(2021),13
monogatari!!,13
iii.,13
solomon,13
naka,13
re-main,13
mado,13
precure,13
tori,13
fu,13
(not),13
shinden,13
baccano!,13
pompo-san,13
kurenai,13
nausicaä,13
zombieland,13
shuukyoku,13
baki,13
tani,13
relife,13
children,13
nijigasaki,13
doukoukai,13
sewayaki,13
owarimonogatari,13
usagi,13
kaidan,13
dairinin,13
kitsune,13
son,13
muv-luv,13
omoide,13
kidoutai:,13
tokuiten,13
otoko,13
doukyuusei,12
kiseki,12
kanketsu-hen,12
nanoru,12
ogre,12
hanyou,12
gyakkyou,12
fine,12
kimochi,12
hibike!,12
free!,12
osananajimi,12
railgun,12
eris,12
pui,12
redline,12
walküre,12
toubatsu,12
yona,12
lotus,12
yuri!!!,12
mimi,12
oniichan,12
houseki,12
sareta,12
kizumonogatari,12
otogizoushi,12
double,12
knight,12
revenge,12
re:creators,12
maou-sama!,12
panzer:,12
neue,12
shima,12
die,12
tsukaima,12
kemono,12
totsukuni,12
buddy,12
bebop:,12
umi,12
poputepipikku,12
teikoku,12
yamato,12
burai,12
nisekoi,12
eien,12
ningen,12
chihayafuru,12
barakamon,12
kaiji:,12
quest:,12
warui,12
yashahime:,12
dead,12
maou-jou,11
totoro,11
kabaneri,11
san,11
beast,11
tawawa,11
hentai,11
duel,11
futoku,11
idolish7,11
azumanga,11
haru,11
getsuyoubi,11
shoukanshi,11
shi:,11
oshimai!,11
doji,11
adachi,11
tada-kun,11
yuujinchou,11
novae,11
lu,11
persona,11
kaburu,11
jibaku,11
deau,11
dropkick,11
tsuihou,11
"tamer,",11
basho,11
nakitai,11
orient,11
shikkakumon,11
sky,11
saikyoushu,11
third,11
kakushigoto,11
saishuushou,11
koutetsujou,11
gintama°,11
ii:,11
nekomimi,11
"to,",11
hanako-kun,11
1,11
guild,11
ganbare,11
tou,11
mushikaburi-hime,11
shimamura,11
noretara,11
sensei,11
tobira,11
monsters,11
aru,11
alone,11
shoushitsu,11
hajimete,11
chikyuu,11
oshigoto,11
shiki,11
legend,11
air,11
kekkai,11
tsuyoku,11
tengoku,10
juuni,10
cike,10
kiraware,10
yo.,10
seiya,10
wanjie,10
saint,10
naisho,10
euphonium,10
kiznaiver,10
urusei,10
inuyashiki,10
koushinryou,10
haireru,10
kakushi,10
xiao,10
f,10
zensou,10
kusoge,10
daiou,10
survivor,10
kao,10
machikado,10
cangqiong:,10
mars,10
yao,10
tarumono!,10
tamago,10
mago,10
rondo,10
(2000),10
unlimited,10
wake,10
panzer,10
gaiden,10
boogiepop,10
daddies,10
tasogare,10
balance:unlimited,10
tomare!,10
chuan,10
todoke,10
tsurezure,10
rewrite,10
clannad,10
futari,10
yesterday,10
ryouiki,10
prima,10
dattara,10
inu-ou,10
koroshi,10
hotarubi,10
liuqi,10
laputa,10
hajimaru,10
kai,10
beat!,10
arknights:,10
keiji:,10
claymore,10
drop,10
douki-chan,10
shinpan,10
toki,10
fugou,10
benkyou,10
natsu,10
space☆dandy,10
yami,10
texhnolyze,9
drugstore,9
extra,9
imasu.,9
tooi,9
carnival,9
trinity,9
kougeki,9
peter,9
ssss.dynazenon,9
tabitabi,9
sakugan,9
"solitude,",9
ergo,9
lost,9
deca-dence,9
sora:,9
hito,9
taizai,9
joyuu,9
hello,9
yatsura,9
dream!,9
souma:,9
gankutsuou,9
gaiden:,9
ride,9
yue,9
fuiteiru,9
hikari,9
ramune,9
alchemist,9
ballroom,9
dakaretai,9
night:,9
nagi,9
kusushi,9
edition,9
tsukurou,9
kazemai,9
shichinin,9
proxy,9
kyuudou-bu,9
alone.,9
inazuma,9
series,9
iyasaretai.,9
sonzai,9
golgo,9
grill,9
tsuioku-hen,9
works,9
selection,9
yuurei,9
amnesia,9
♡,9
yuri,9
meng,9
kiniro,9
gleipnir,9
sara,9
tabi,9
piece:,9
liz,9
owari,9
baby,9
lord,9
yosuga,9
least,9
dorei,9
score,9
tsurune:,9
cross,9
afro,9
odosarete,9
utatte,9
broly,9
sac_2045,9
darwin's,9
shachiku-san,9
kuroshitsuji,9
fukkatsu,9
kakeru,9
asu,9
ren,9
1-i,9
yokohama,8
gekkan,8
lyrical,8
shouwa,8
shinwa,8
4-nin,8
0080:,8
musume:,8
rakugo,8
aru:,8
soukou,8
yuuutsu,8
tanteidan,8
gohan,8
na!,8
overflow,8
records,8
wushen,8
koushi,8
gakkougurashi!,8
genroku,8
stand,8
ryoubo-kun.,8
tale,8
bug,8
human,8
bear,8
25:,8
cardcaptor,8
liuqi:,8
yamada-kun,8
ikkitousen:,8
taikei,8
sis,8
bloodline,8
carole,8
takkyuubin,8
tamako,8
poroporo,8
6,8
ojamajo,8
derby,8
suzu,8
shoukan,8
megami-ryou,8
doraemon,8
kidoutai,8
kuzu☆idol,8
slam,8
promare,8
city,8
pocket,8
te,8
inu,8
kikou,8
keisatsu,8
bang,8
ningyou,8
puraore!,8
ayashii,8
record:,8
deatte,8
bishounen,8
gun,8
madoka☆magica,8
godfathers,8
bai,8
hyousetsu,8
sorezore,8
shakunetsu,8
rwby:,8
tte,8
fuuto,8
cub,8
uma,8
5-byou,8
alicization,8
tuesday,8
citrus,8
yama,8
kamuy,8
memorial,8
nozaki-kun,8
tsuku,8
taizai:,8
meiji,8
yatotta,8
kibou,8
gosick,8
tekken:,8
nerae!,8
yuu,8
kan,8
shiawase,8
maria-sama,8
eizouken,8
akashic,8
pv,8
4,8
ii.,8
black:,8
senkan,8
dunk,8
darker,8
rokudenashi,8
kaidashi,8
beck,8
yu,8
spriggan,8
saikin,8
gintama.:,8
magia,8
tiger,8
dattebayo!,7
anime,7
gunbuster,7
kenkaku,7
phantom,7
sidonia,7
mazoku:,7
meets,7
sareteita,7
cangqiong,7
nisha,7
fudousan,7
danganronpa:,7
konnani,7
idolm@ster,7
7-nin,7
6th,7
zo,7
saimin,7
tachinu,7
ga!?,7
himitsu,7
stars,7
zeppelin,7
gate:,7
twin,7
rettousei,7
06:,7
skelter+heaven,7
apple,7
log,7
visual,7
seraph,7
kikoeru,7
hinamatsuri,7
cue!,7
imaizumin,7
14:,7
choujin,7
romantan,7
stocking,7
grace,7
utility,7
mou,7
lucky☆star,7
quanzhi,7
kaiba,7
fate/kaleid,7
scherzo,7
rokubou,7
kanochi,7
rurouni,7
saigo,7
tatakai,7
hokuto,7
gamers!,7
kuroko,7
houkago,7
natteru,7
jikenbo:,7
shine,7
danzai,7
gokuu,7
hathaway,7
drifters,7
garterbelt,7
mudazukai,7
cup,7
rashii,7
gear,7
nu,7
dame,7
tamariba,7
senkou,7
paradise,7
patlabor,7
maou-sama!!,7
brilliant,7
baka,7
ishigami,7
ace,7
miteru,7
robo,7
sumaseba,7
sorairo,7
i:,7
yong,7
kuraki,7
fight,7
kenshin:,7
zz,7
tetsuwan,7
rainbow:,7
2-choume,7
cop,7
prisma☆illya,7
rail,7
shinsei,7
panty,7
build,7
itsunomanika,7
daigaku,7
handsome,7
kaku,7
taimanin,7
ura,7
halloween,7
xingkong,7
jigoku,7
jie,7
doremi,7
picnic,7
tatakaeri,7
ying,7
yuuyami,7
douyara,7
connect,7
natte,7
cucuruz,7
doan,7
ji,7
katasumi,7
tenshi-sama,7
mi,7
shinmai,7
el-melloi,7
r,7
post,7
otonari,7
jin-rou,7
liner,7
kaichou,7
"daimaou,",7
teaser,7
tennis,7
nande,7
kokuki,7
origin,7
"nite,",7
jieitai,7
keiyakusha,7
big,7
murabito,7
tortured,6
shuraba,6
agateram,6
apollon,6
uragawa,6
papa,6
unicorn,6
sukutte,6
complex,6
gunjou,6
kamiarizuki,6
"ore,",6
animation:,6
highschool,6
flower,6
shuki,6
issho,6
orphans,6
ichigo,6
shooter,6
minna,6
paladin;,6
moribito,6
kaijuu,6
wan,6
babylon,6
babylonia,6
maiorita,6
atama,6
shinjuu,6
back,6
colorful,6
ver1.1a,6
shippo,6
char,6
party:,6
horizon,6
jukyou,6
ikebukuro,6
kyousoukyoku,6
ue.,6
rush,6
amaama,6
dekinai,6
baraou,6
reflection,6
rumble,6
itsumo,6
beyblade,6
masamune-kun,6
shishou,6
steins;gate:,6
black★rock,6
camelot,6
munou,6
amagi,6
gate,6
entaku,6
giant,6
isogashii,6
head,6
birdy,6
shitemasu,6
yowamushi,6
michi,6
dalu,6
sakamichi,6
01:,6
bna,6
demi-chan,6
chobits,6
net-juu,6
kedaruge,6
mashimaro,6
tanaka-kun,6
go,6
kihei,6
rain,6
because!,6
o,6
bridge,6
moratte,6
ane,6
inuyasha,6
west,6
macross:,6
remember,6
zetsuen,6
corpse,6
getter,6
assassins,6
kaede,6
nodame,6
aya,6
fate/apocrypha,6
tong,6
osomatsu-san,6
"maou-sama,",6
aho,6
tekketsu,6
sukunai,6
escape,6
hatsukoi,6
eromanga-sensei,6
"tokidoki,",6
shakugan,6
nonbiri,6
zai,6
souls,6
kuru,6
xxxholic,6
natta,6
nouka,6
adventure,6
skill,6
tempest,6
kawaii:,6
nier:automata,6
nine,6
gekijou,6
chou,6
ika,6
dawn,6
gintama':,6
xin,6
maid-sama!,6
shana,6
seed,6
lagoon:,6
retry!,6
akagami,6
douluo,6
basara,6
"hiza,",6
nomi,6
tights,6
meshi,6
tomo-chan,6
boku.,6
kabaddi,6
doukyonin,6
bao,6
crystal,6
lodoss-tou,6
gantz:o,6
seisen,6
hibi,6
dimension,6
zhe,6
hourou,6
killing,6
bougyakusareta,6
gyakuten,6
rettousei:,6
cation,6
queen,6
adventure:,6
given:,6
kyou,6
witches,6
advance,6
umaru-chan,6
relife:,6
aku,6
souretsu,6
love?,6
test,6
13:,6
me:,6
estab-life:,6
onnanoko!,6
march,6
jidou,6
mae,6
majuu,6
satsujin,6
sheng,6
fei,6
sunshine!!,6
beautiful,6
cagliostro,6
ou,6
himouto!,6
yaku,5
1.0,5
katanagatari,5
kyoudai,5
omatsuri,5
nagara,5
ss,5
nekojiru-sou,5
quest,5
amagami,5
space,5
fleet,5
mug,5
nikuko-chan,5
series:,5
kishi:,5
divide:,5
ge,5
gin,5
butterfly,5
ghoul:re,5
touhai,5
ganbatta,5
ikkoku,5
fanfare,5
magi:,5
wakaranai,5
armor:,5
byou,5
kimagure,5
mijikashi,5
tsushima,5
ange:,5
misete,5
futaai,5
patema,5
sayuri,5
pico,5
fashi,5
kakusei,5
crawlers,5
btooom!,5
obey,5
friends,5
benedizione,5
hakusho,5
molcar,5
shu,5
moraitai,5
sakurada,5
katsudou,5
chiisana,5
ashura,5
marine,5
"goodbye,",5
not!,5
encore,5
itou,5
shirogane,5
oukoubakko,5
kashi,5
future,5
canzhuo,5
kantei,5
gunsmith,5
dekiru,5
kamen,5
sakebitagatterunda.,5
hantou,5
glees!,5
shirayuki-hime,5
mukou,5
midori,5
journey:,5
kishuku,5
poriomania,5
imawa,5
eureka,5
danshaku,5
junji:,5
chika,5
gekitotsu,5
finale,5
nisshi,5
immortal,5
white,5
me!,5
kyonyuu,5
onna,5
escaflowne,5
flappers,5
kengan,5
yo:,5
jidai,5
ultraman,5
maison,5
presage,5
junyuu-chuu,5
hunt,5
legends,5
yurei,5
tsukeru,5
reset,5
vs.,5
kaguya-hime,5
tribe,5
tsugu,5
episode,5
akagi:,5
utsu,5
kino,5
grisaia,5
gyokou,5
noragami,5
xuanwu,5
lad,5
(2006),5
lovers,5
i.,5
artiswitch,5
flip,5
bu,5
handler,5
satsuriku,5
arabia,5
tabi:,5
yanmama,5
keikaku,5
phantasm,5
ani,5
kanon,5
c,5
juan,5
hajimari,5
tabidachi,5
wolf's,5
deco,5
shen:,5
180,5
bakuten!!,5
sore,5
arukeyo,5
jinrui,5
abunai,5
arceus:,5
note:,5
2.0,5
jikan:,5
anne,5
tekketsu-hen,5
sabiiro,5
sare,5
dagashi,5
taiko,5
cheng,5
kyokou,5
chicken,5
li,5
kusuri,5
richard-shi,5
hodo,5
tamashii-hen,5
makenai,5
last:,5
stranger:,5
principal:,5
shoukanjuu,5
"tte,",5
deshou!,5
marnie,5
feng,5
fuyao,5
guo,5
dai-2,5
war,5
nadeshiko,5
sakasama,5
jihen,5
shichihenge♥,5
nai!,5
sisters:,5
cats,5
plunderer,5
fuka,5
honoo,5
koukyoushihen,5
bukatsu,5
juliet,5
"ete,",5
warau,5
tsugumomo,5
danna,5
sae,5
13,5
zutto,5
ie,5
snow,5
tunshi,5
itteiru,5
eden,5
hadan,5
neko.,5
denchi,5
opantsu,5
siliang,5
ssss.gridman,5
blend,5
narimashita,5
nonstop:,5
panic,5
hachi-nan,5
housekishou,5
memory,5
grappler,5
jian,5
suitai,5
hitotsu,5
nara,5
chikai,5
irozuku,5
sekai:,5
ray,5
suiri,5
strike,5
mika,5
senryuu,5
spain-hen,4
strawberry,4
yingxiong,4
yuna,4
7,4
day,4
tanoshii,4
rosario,4
yuutousei,4
shijie,4
pupa,4
asterisk,4
desu!,4
burn,4
sousei,4
hachimitsu,4
infinite,4
ghoul:,4
dakedo,4
mikochi,4
shoutai,4
dolls',4
g,4
love-ru,4
mosaic:,4
ravens,4
island,4
show,4
smartphone,4
karigurashi,4
34,4
magnitude,4
itsuwari,4
s:,4
pichi,4
mama,4
gale,4
nihon,4
muteking,4
b:,4
teppen!!!!!!!!!!!!!!!,4
love!,4
green,4
mono,4
zenin,4
bananya,4
lily:,4
girl:,4
shashin,4
hataage!,4
attend,4
fourth,4
mokushiroku,4
limit,4
juubee,4
maiko-san,4
makanai-san,4
circus,4
clouds,4
hitorijime,4
penguindrum,4
nikki:,4
ψ-nan:,4
soukyuu,4
frontline,4
precure!,4
jikenbo,4
asagi,4
grancrest,4
yurusanai,4
mosaic,4
sabaku,4
arc,4
maso-tan,4
money,4
sonic,4
miira,4
reiketsu-hen,4
bee,4
yasashii,4
akuma,4
sins,4
area,4
radiant,4
jikkou,4
animatrix,4
gentou,4
tsuma,4
devilman,4
shouboutai:,4
panic?,4
jormungand,4
aldnoah.zero,4
sentakushi,4
mei,4
fumoffu,4
ou:,4
gather,4
hajimemashita,4
niban,4
waccha,4
rohan,4
tsubasa,4
pokemon:,4
emblem,4
dropout,4
sasurai,4
toshi,4
spirits:,4
(2018),4
trick,4
noise,4
tomo,4
ni.,4
anima,4
tesla,4
mashiro,4
lao,4
tetsudou,4
control,4
gorou,4
melody,4
durarara!!x2,4
xiong,4
ugokanai,4
beginning,4
cantabile:,4
nippon,4
zui,4
qing,4
murder,4
juunin:,4
megami-sama!,4
gt,4
runway,4
ittoki,4
blame!,4
dangerous,4
flying,4
raitaisai-hen,4
"darou\"",4
panic!,4
shinyaku,4
kuragehime,4
gold,4
cardfight!!,4
room,4
kishibe,4
dekinai!,4
zhui,4
jijou,4
onmyouji,4
seikai,4
origination,4
shinobi,4
quartet,4
yuujinchou:,4
bei,4
"\"violet",4
yasuke,4
"sekai,",4
(2009),4
ikka,4
evergarden:,4
kanashimi,4
déjà,4
kami-tachi,4
comic,4
musaigen,4
arakawa,4
teibou,4
outbreak,4
samidare,4
atasha,4
eve,4
saezuru,4
fafner:,4
otouto,4
stars!,4
"\"tokyo",4
zhen,4
kawashiri,4
kareshi,4
magician,4
chocolate,4
"senjou,",4
arashi,4
game!,4
order,4
kuremasu,4
keijo!!!!!!!!,4
genocyber,4
licht,4
si,4
senkyo,4
ouji-sama,4
endless,4
kakegurui××,4
lifehacker,4
kore,4
reflect,4
kaikou,4
noir,4
tsumugu,4
waratte,4
kawaikereba,4
gatchaman,4
dancing,4
mo:,4
vu,4
maji,4
fall,4
sonic★the★hedgehog,4
gunslinger,4
hidamari,4
hakumei,4
ichiban,4
hisone,4
sweet,4
shinryaku!,4
nounai,4
märchen,4
kitto,4
saiban:,4
casshern,4
makai,4
jama,4
gabriel,4
reimeiki,4
88,4
born,4
yarichin☆bitch-bu,4
zenryoku,4
shooter:,4
possibility,4
gintama.,4
gakusen,4
sun!,4
petshop,4
jue,4
habatakanai:,4
nanoha,4
yukue,4
gintama',4
alternative:,4
(2014),4
bian,4
shiteiru,4
wanmei,4
kubo-san,4
aruiwa,4
prologue,4
wonderland,4
black★★rock,4
lin,4
idoly,4
devils,4
senshi-tachi,4
ensemble,4
8.0,4
d.gray-man,4
planetes,4
enchousen,4
utena,4
ex-arm,4
arsnotoria,4
hirowareta,4
gekiga:,4
"\"\"ai\"\"",4
votoms:,4
benizakura-hen,4
nisemonogatari,4
c:,4
zeta,4
kamo,4
eizou,4
mad★bull,4
gama,4
zhu,4
jk,4
bungaku,4
primagi!,4
fushigi,4
mawaru,4
xingchen,4
horrors,4
burst,4
"",4
shukkou!!,4
nanoha:,4
play,4
assault,4
arrietty,4
24-ku,4
cencoroll,4
fukumenkei,4
ookiku,4
aa!,4
ninpuuchou,4
sex,4
petit,4
line,4
kaikata,4
kawai-sou,4
waltz,4
kamichu!,4
precure:,4
tadareta,4
yuu☆yuu☆hakusho:,4
wakusei,4
kokuhaku,4
teekyuu,4
omotenashi,4
stroke,4
fire,4
evolutions,4
bullet,4
bouquet,4
hitori,4
utawarerumono:,4
exception,4
book,4
kodama,4
tropical-rouge!,4
mono-tachi,4
pedal:,4
tondemo,4
cao,4
nisekoi:,4
gargantia,4
shan,4
tenpo,3
chibi,3
giga,3
trail,3
isshuukan,3
d4dj,3
gassen,3
rebirth,3
komete,3
pu,3
academia:,3
battery,3
sevens,3
circle,3
incarnation,3
megami-hen,3
hirowareta.,3
traumerei,3
porori-hen,3
sekaiichi,3
alice:,3
2020,3
strike!,3
taikai-hen,3
performer,3
qiang,3
itazura,3
tai,3
platonic,3
okaasan,3
vivid,3
go!,3
heisei,3
zhuzai,3
knight's,3
shingetsutan,3
luck,3
mix,3
♭,3
kitarou,3
sakamoto,3
hitman,3
megaton-kyuu,3
liangyuan,3
ikinuku,3
luo,3
ushiro,3
taikutsu,3
tsukaima:,3
ensa,3
araburu,3
underworld,3
zaregototsukai,3
ga?,3
01,3
tsuujou,3
wei,3
7:,3
exorcist:,3
furikabutte:,3
re,3
dogeza,3
opening,3
summit,3
unato,3
rance,3
rougo,3
trigun:,3
jouran:,3
choker,3
tu,3
kubikiri,3
ayakashi:,3
sakigake!!,3
popee,3
joshiraku,3
bravo:,3
gekitotsu!,3
conan:,3
fate/extra:,3
konai?,3
junk,3
tutu,3
douryou,3
kenichi,3
kinka,3
rahxephon,3
reconguista,3
kousatsu,3
sakubou,3
ongakutai,3
(go),3
seiken,3
mu,3
omae,3
maniac,3
muumin,3
batman,3
ne!,3
zaijie,3
hei,3
susume:,3
shaonian,3
meitantei,3
zentai,3
musashi,3
shinobu,3
gangsta.,3
dekain,3
redo,3
noein:,3
chotto,3
ms,3
lan,3
sanctuary,3
osake,3
ahiru,3
xie,3
major,3
tv,3
taoseru,3
heroes:,3
"\"gyakuten",3
guardian,3
highway,3
kisetsu,3
bukyou,3
attack,3
ponpoko,3
03:,3
cat,3
heroes:rising,3
guren,3
oishinbo,3
bobobo-bo,3
nyaruko-san,3
"danshi,",3
gegege,3
makafushigi,3
riji,3
saitama,3
rayearth,3
chiki!,3
kindaichi,3
nai.,3
nonstop,3
eye,3
ireba,3
kessen,3
shark'd,3
shiboraretai,3
norowareshi,3
hakenshimasu!,3
akkun,3
labyrinth,3
eikoku,3
bouei-bu,3
classic,3
hanhua,3
master,3
tsuugakuro,3
koukuu,3
kaese!!,3
miss,3
d_cide,3
detroit,3
miko,3
nijiiro,3
toujou,3
chinbotsu,3
fujouou-hen,3
horror,3
matsuri,3
royal,3
gx,3
kitan,3
kuinaki,3
babysitters,3
ishi,3
arte,3
afro-ken,3
honobono,3
zhanshen,3
chimimo,3
tejina-senpai,3
capu2,3
motomete,3
dirty,3
hanasakeru,3
zhinan,3
zenpen,3
craft,3
xitong,3
zi,3
shigurui,3
skip,3
ni-kai,3
shishunki,3
cinderella,3
eyeshield,3
lane,3
kizuna,3
mic,3
saji,3
exorcist,3
orange☆road,3
kousaten,3
hun,3
michiko,3
dark,3
08,3
hatchin,3
shimoneta,3
kokkoku,3
kajitsu,3
houjou,3
break,3
suzume,3
tenchi,3
aibeya,3
splash☆star,3
"naraba,",3
seitokai,3
ad,3
chio-chan,3
paprika,3
aggressor,3
appare-ranman!,3
karakuri,3
shouzou,3
outs,3
coil,3
rap,3
kyoushi,3
sankarea,3
vlad,3
teardrop,3
yoake,3
noblesse,3
rozen,3
beatless,3
robot,3
kouga,3
gainen,3
dennou,3
oni,3
kyoto,3
police,3
koori,3
onipan!,3
crowds,3
natteita,3
sonaete,3
tan,3
megami,3
working!!,3
accelerator,3
zhan,3
haiyore!,3
"hanabi,",3
gochuumon,3
konohana,3
outlaw,3
deshita.,3
cm,3
13-ku,3
thank,3
dummy,3
xi,3
binan,3
uchiage,3
"ima,",3
hard,3
missing,3
edinburgh,3
di,3
nekomonogatari:,3
cyborg,3
goblin's,3
kakuriyo,3
rock!!,3
fragtime,3
yoko,3
hearts,3
00:08,3
iu,3
cipher,3
katekyo,3
planetarian:,3
mayo,3
you!!,3
tamemasu,3
cry,3
aoki,3
8-manmai,3
sound,3
picture,3
hatsudou-hen,3
seishounen,3
actors,3
utsukushii,3
sally,3
hanamonogatari,3
barrage,3
thunderbolt:,3
kyun!,3
ora,3
rhyme,3
xtreme,3
deji,3
thunderbolt,3
natsuyasumi,3
nobita,3
koukousei-tachi,3
soukihei,3
geist,3
kuroshitsuji:,3
tsukihime,3
a-girl,3
zijiu,3
ore-kun,3
denpa-teki,3
japanese,3
"soshite,",3
penguin,3
mankai,3
zokusei,3
battler,3
kaku:,3
gender,3
fa,3
riddle,3
savant,3
ninja,3
cycle:,3
sagashite,3
aquarion,3
emma:,3
001,3
kaibutsu-kun,3
liang,3
azur,3
10,3
taisou,3
roberta's,3
owaranai,3
minami-ke,3
shirobako,3
shoulder,3
senki:,3
nekketsu-hen,3
moshikashitara,3
division,3
emiya-san,3
monogatari:,3
aoiro,3
hypnosis,3
15:,3
victory,3
belladonna,3
keiei,3
slayer:,3
condom,3
eleven,3
yoyuu,3
matteru,3
saiyuuki,3
momo,3
iinkai,3
kansatsu-ka,3
durarara!!,3
bump,3
waga,3
acca:,3
scarlet,3
fury,3
kase-san.,3
ki,3
yadomeshi,3
otome-domo,3
vs,3
rizhi,3
molders-hen,3
shisha,3
zenya,3
revenger,3
henkei,3
ideon:,3
aosa,3
nattara,3
seihou,3
leaf,3
badlands,3
ton,3
jiken,3
darkness,3
akai,3
accel,3
"sentouin,",3
heng:,3
jiu,3
21,3
reborn!,3
no.6,3
cossette,3
katsugeki!!,3
mana,3
3.0,3
xecutor,3
machiavellianism,3
jango,3
(ova),3
deadman,3
anime:,3
evolution,3
side,3
bo-bobo,3
kizuna-hen,3
md,3
maria,3
tsukimonogatari,3
granblue,3
mind,3
busou,3
tail:,3
beelzebub,3
sentaku,3
xv,3
maoyuu,3
youkai,3
mic:,3
elf,3
kourin,3
maboroshi,3
mekakucity,3
asagao,3
haou,3
"\"\"shinjitsu\"\"",3
luminous,3
bouryaku,3
soko,3
kyousou,3
04:,3
tamayura:,3
minarai,3
k:,3
tanuki,3
kuugun,3
nexus,3
akane,3
hanbun,3
occultic;nine,3
stories,3
renkinjutsushi,3
tojimari,3
shirenai.,3
asaki,3
bitch,3
midnight,3
street,3
friends.,3
jing:,2
takano,2
interstella5555:,2
nights,2
gadget,2
ashimoto,2
memory:,2
occult,2
everlasting,2
5tar,2
tsuioku,2
huanxi,2
terra,2
"rei,",2
daishuugou!,2
higashi,2
tobidase!,2
coo,2
yakuindomo,2
crazy,2
awajishima,2
mondai,2
rei,2
re-kan!,2
boukoku,2
100-oku,2
handa-kun,2
phantom:,2
2199,2
takamine-ke,2
aragoto,2
kerakumeguri:,2
toshokan,2
rettou,2
roselia,2
kaleido,2
buranko,2
jigoku-hen,2
ga.,2
sekka,2
toumei,2
mermaid,2
ippatsu!,2
ibara,2
dendrogram,2
shichau,2
genrutsutsu,2
il,2
hanzawa-san,2
seieki♥,2
sentou,2
survival,2
men,2
shinryounaika,2
ookami-san,2
element,2
ichiya,2
hajimemashita◎,2
yousu,2
umatteiru,2
anehame:,2
ranmaru:,2
kibougamine,2
yan,2
meshi!,2
zanting!,2
starting,2
8:,2
catch!,2
guardians,2
orient:,2
musuko,2
curry,2
de!!,2
keroro,2
dears,2
sou,2
zuihou,2
you!,2
principal,2
kaiketsu,2
miyamura-kun,2
a's,2
mondaiji-tachi,2
gibiate,2
tsuigeki,2
freezing,2
monochrome,2
ittekuretara,2
gingitsune,2
id-0,2
everything,2
power,2
shikioriori,2
hanebado!,2
hikaru,2
8,2
hayate,2
komori-san,2
s.p,2
saint☆oniisan,2
wangan,2
"saitou-san,",2
seishidou,2
valentine,2
busters!,2
album,2
danganronpa,2
"eiyuu-ou,",2
erin,2
dx:,2
motete,2
(2012),2
collection,2
thanks,2
kemonozume,2
gogo!,2
ikani,2
seiki,2
winter,2
nokoshi,2
kuroinu:,2
yatogame-chan,2
kingsglaive:,2
mai-hime,2
matsuei,2
aikatsu!,2
coquelicot-zaka,2
harukanaru,2
shadowverse,2
byoutou,2
k-on!:,2
kiitekure,2
fushin,2
hinomaruzumou,2
koumuin,2
yang,2
17:,2
joker,2
08:,2
hakairoku-hen,2
hen,2
league:,2
kansatsu,2
zhongguo,2
needless,2
kedakaki,2
xiu,2
hankou!!,2
m,2
dubu,2
fuuma,2
byoui,2
taiyou,2
roman,2
"\"dragon",2
ryuusei,2
shikizakura,2
nanana,2
brave,2
miracle,2
kanren,2
ito,2
cha,2
sengen,2
ryuugajou,2
rainbow,2
5tory,2
recap,2
yun,2
.hack//sign,2
dango,2
junketsu,2
kiwameru,2
remix),2
kite,2
ippo:,2
yo?,2
touch:,2
library,2
gyakkou,2
(second),2
ninpou,2
netoge,2
bian:,2
seto,2
shitcom,2
tenseiki,2
onaho,2
animated,2
18if,2
lagann-hen,2
yaraneba,2
piace:,2
kyou-hen,2
chiikawa,2
katri,2
paris-hen,2
tooriame,2
dogs:,2
beach,2
long:,2
boukensha-tachi,2
sakurako-san,2
orguss,2
ijirare:,2
yoru:,2
take,2
gungrave,2
kakugo,2
sketchbook:,2
shoot!,2
yorozuya,2
gekitou-hen,2
puka,2
youkoso♪,2
fusheng,2
hinako,2
candy,2
nerenai,2
cantabile,2
takarajima,2
999,2
ω,2
pedal,2
stage!!,2
ken:,2
light,2
pac-world,2
plus,2
ecchi,2
roku,2
00,2
dropkick',2
ian,2
corrector,2
huan,2
pin:,2
tang,2
tico,2
amnesia:,2
mizu,2
somerareru,2
maiorita!,2
tobikkiri,2
arui,2
ju,2
choujigen,2
watch:,2
heng,2
yarisaa,2
maiden:,2
zodiac:,2
prince,2
may,2
heroes,2
ayanami,2
nare,2
nyan,2
ingrid,2
urotsukidouji,2
ef:,2
bara,2
pearl,2
nachuyachumi!,2
shiratorizawa,2
vatican,2
testament:,2
testament,2
puparia,2
bright:,2
appleseed,2
qishi,2
23:,2
shijian,2
nirinka,2
aachi,2
qiutu,2
ueno-san,2
design-bu,2
refrain,2
orders,2
neru,2
eternal,2
euphoria,2
lovers!☆ippu,2
kandagawa,2
takkyuu,2
innocence,2
seifuku:,2
xiaojie,2
√a,2
omake,2
regenschauer,2
heikinchi,2
baiwan,2
sharp,2
(2019):,2
boys,2
dinghai,2
oshi,2
uniteup!,2
zombie,2
souzou,2
mm!,2
nan,2
maruko-chan,2
kouryaku,2
gai-hen,2
glass,2
kintarou,2
ryuuken,2
2041,2
wakaru,2
cang,2
fuukei,2
dragon's,2
exile,2
donguri,2
trunks,2
bucchigire!,2
dynamite,2
italian,2
kyouiku,2
werehog,2
futatabi-hen,2
kyuuketsuki-san,2
festival,2
ys,2
cms,2
tamala,2
basilisk:,2
decode:02,2
turn,2
ikusei,2
tensura,2
shinjou,2
honda-san,2
tto,2
shimashita.,2
onegai,2
tomodachi☆kiseki,2
happy♪,2
goal,2
eyes,2
tomoyo-hen,2
ikkitousen,2
jitsu,2
suzuka,2
site,2
trap,2
steps,2
kochinpa!,2
marshmallow,2
vanguard,2
baku,2
fangzhu,2
yubi,2
kunren,2
el,2
itadaki!,2
pri☆chan,2
yin,2
eiken:,2
inferno,2
yeon-ae,2
nanaana,2
inou-battle,2
wish,2
ku,2
neko:,2
seton,2
airantou,2
sanqian,2
season:,2
maiden,2
beyond,2
sukebe,2
ssipak,2
flows,2
2022,2
nichiyoubi,2
shuushoku,2
butlers!,2
taisen,2
tonight,2
kioku,2
hikuushi,2
kyoushitsu:,2
tales,2
morning,2
ninden,2
beelzebub-jou,2
seikishi,2
mamotte,2
brynhildr,2
yuan,2
nichijou-kei,2
jack:,2
hori-san,2
full-power,2
bye,2
bang:,2
violence,2
gonglüe,2
xue,2
hannin,2
himegoto,2
narenakatta,2
index,2
u-17,2
ψ-shidou-hen,2
healin',2
orange☆road:,2
yui,2
yinhe,2
planet,2
otasuke,2
eikenbu,2
maizoukin,2
haitte,2
omotta?,2
ten,2
patalliro!,2
sunohara-sou,2
hina,2
good♡precure,2
rokka,2
w,2
gu,2
hells,2
shuang,2
yuri♪♪,2
noumin,2
kämpfer,2
generation,2
ji:,2
sunny,2
dousunda,2
tsumare,2
δ,2
ketsui,2
kappa,2
ongaeshi,2
seeds,2
futsal,2
tada,2
anniversary,2
nouryoku,2
yaru,2
kazoku,2
taima,2
akito,2
kotowarenai!,2
onnanoko,2
xia,2
"\"\"pinto\"\"\"",2
kokuin,2
moteru?,2
nozomu,2
ooyukiumi,2
dream,2
flanders,2
clear,2
massara,2
3ping,2
jet,2
gunsou,2
umezu,2
akage,2
8-shaku,2
video,2
"\"\"f\"\"\"",2
color's,2
zvezda,2
sonic:,2
fune,2
drama,2
unbelievable,2
d-frag!,2
high☆speed!,2
yukikaze,2
kaina,2
5ystem,2
gi,2
muybridge,2
pair,2
fusion!!,2
kakedasu,2
garden:,2
kocchi,2
bukiyou,2
huo,2
choujo-tai,2
cosplay,2
chiteiiseki,2
nazeka,2
kuuchuu,2
nagasarete,2
rang,2
stars*collection!,2
zhaohuan,2
change!!,2
lie,2
fuuka,2
egypt,2
ma,2
party!,2
okashiinda,2
heaven,2
mask,2
hitotose,2
taberaretai,2
sho,2
game!!,2
boys!!!!!,2
robotics;notes,2
robo:,2
aika,2
dominion,2
shibushibu,2
force,2
hakuoro,2
paradiso,2
fukan,2
dare,2
taiho,2
marudase,2
netori,2
chousakan,2
showtime!,2
charat,2
godzilla:,2
thermal,2
kare,2
illustrias,2
arrow,2
gokukoku,2
shuushou,2
9,2
usseewa,2
genshiken,2
shotenin,2
romeo,2
onihei,2
entei,2
sure-me,2
benriya,2
toutotsu,2
nagareboshi,2
eiyuu:,2
washio,2
extreme,2
nightmare,2
karasuno,2
card,2
kaitou,2
kuchibeni,2
itsudatte,2
ninshin,2
ouji-sama:,2
henshin!!,2
po,2
koi!,2
geijutsu,2
collection:,2
call,2
karen,2
raihousha,2
12:,2
utahime,2
choujikuu,2
sumi,2
sasage,2
anette-san,2
vegeta,2
kesshoutou,2
omega,2
kilo,2
(final),2
knights,2
monkey,2
deltora,2
rakuen,2
lied:,2
nourin,2
aiura,2
queen's,2
igyou,2
bites,2
tenseisu:,2
wa...,2
"\"\"jack\"\"\"",2
chirin,2
ikinokore!,2
buki,2
mesu,2
nekopara,2
gekitotsu!!,2
xiaoyao,2
yes,2
futon,2
acchi,2
inaba,2
somaru,2
"watashi,",2
8-wa,2
kaikitan,2
kaeru,2
kiratto,2
dianfeng,2
nadia,2
theater,2
halujeon,2
kouhan-sen,2
yamato:,2
bakuhatsu!!,2
rance:,2
dramatical,2
arisa☆good,2
cromartie,2
oniisama,2
reload:,2
shinjuu:,2
shirushi,2
sukuu,2
otona,2
kyochuu,2
iku,2
mayoiga,2
minky,2
souja,2
oneesan,2
noroi,2
itatta,2
ristorante,2
yatsu,2
amu,2
home,2
budoukan,2
ga...,2
penguin's,2
yabou,2
eva:,2
parasite,2
dolls,2
re:lights,2
princesses,2
triage,2
bakka,2
hui,2
versus,2
haisha,2
good,2
kesshi,2
requiem,2
ita,2
amon:,2
itta,2
donbei,2
natta.,2
daimaou,2
smile,2
otaku,2
bijutsu-bu,2
remy,2
agetetara,2
eyes:,2
datte,2
yes!,2
le,2
ayakashi,2
zamurai,2
onara,2
oneshota,2
e...,2
jisshi,2
wangzuo,2
omocha,2
09:,2
05:,2
rock,2
sister,2
cuticle,2
k-on!!:,2
hakudaku,2
shibai,2
garo:,2
mayonaka,2
wakako-zake,2
nanbaka,2
doldrey,2
repeat,2
fighter,2
zeroin,2
devil,2
manaria,2
imashime,2
mnemosyne,2
musume-tachi,2
okinimesu,2
shimasu,2
mainichi,2
advanced,2
teiou,2
teatrino,2
sukeroku,2
hanako,2
kanrinin-san,2
transformers,2
5ecret,2
monshou,2
hoshiai,2
arjuna,2
(2005),2
zexal,2
yousei,2
nisai,2
lonely,2
kizuite,2
dongitsune,2
f91,2
versailles,2
ladies,2
mnemosyne:,2
jiao,2
daisakusen,2
aru!,2
bartender,2
tendousetsu,2
mama.,2
pandora,2
akubi,2
shadow,2
hunters,2
mädchen,2
monaka,2
koyomimonogatari,2
pitch,2
lapis,2
huang,2
manga,2
gokujo.:,2
tiniping,2
ichizoku,2
lee,2
evangelion@school,2
datta.,2
senshi-hen,2
"saikin,",2
generators,2
railroad,2
nokosareta,2
supers,2
kazuo,2
fanren,2
inbou,2
obenkyou,2
padak,2
mawatteiru,2
days:,2
dumbbell,2
votoms,2
succubus,2
hou,2
onsen,2
shuugaku,2
xiulian,2
vanguard:,2
flash,2
chousenshi,2
aki-sora,2
toradora!:,2
pasta,2
evelogia,2
cat's,2
kishi♀,2
sd:,2
fukushuu,2
december,2
euphonium:,2
canaan,2
ryouri,2
sotsugyou-hen,1
mitsuketa.,1
voyage,1
neko-musume,1
mikakunin,1
futatsuki,1
nyanbo!,1
konchuu,1
witt,1
100:,1
operation,1
uchouten,1
daisakusen!,1
nerae,1
fluximation,1
seikimatsu★darling,1
television,1
"dragon,",1
positive,1
jima,1
girigiri!!,1
reitetsu,1
butchy,1
chocolat,1
neko.:,1
hitoyoshi,1
extravaganza,1
bulletproof:,1
suicide,1
sunflowers,1
film,1
servant,1
pikka-pika!!,1
obsolete,1
chijo,1
du,1
to-y,1
mitsuboshi,1
holmes,1
roulette,1
z-hen,1
tanondemita:,1
scramble:,1
gurren-hen,1
yuku,1
bimil,1
subarashiki,1
tournament-hen,1
nova,1
tonegawa,1
raid:,1
harmony,1
shinagara,1
sos!,1
falcon,1
sunabouzu,1
kanjin,1
minute:,1
garugaku.:,1
kyoushi-tachi,1
hudong,1
[jikkyouchuu],1
tabibito,1
olympus,1
danshi!,1
daze,1
karin,1
youeryuan,1
redial,1
shenxian,1
aggretsuko,1
motoro,1
sai*,1
wari,1
yurumates,1
coaster,1
15,1
maigotchi!?,1
juuka,1
motion,1
manazashi,1
qwaser,1
returns,1
diabolik,1
kanokon,1
astro,1
warui!:,1
seki-kun,1
"kara,",1
scale,1
renwu,1
mukougaoka,1
kesshou,1
yabai,1
seraph:,1
mardock,1
rhythm,1
bouken-tan:,1
karada,1
brawlers,1
seiran,1
azure,1
batter,1
akb0048,1
cong,1
magnificent,1
2012,1
zhuang,1
freeman,1
saremashita.,1
grendizer,1
act,1
dokuro-chan,1
honey,1
spectral,1
mahoujikake,1
ou!,1
kickoff!!,1
doremi:,1
009,1
shonan,1
kyoukan,1
logi:,1
house!,1
shibocchau,1
kyougen,1
shinkalion,1
(teddyloid,1
yondemasu,1
slayers:,1
kaibou!,1
xueyuan,1
doggy,1
kotobuki,1
prism,1
bokusatsu,1
uruk,1
soudansho,1
set,1
walther,1
ao-chan,1
bistro,1
tanteidokoro,1
liselotte,1
majimesugiru,1
softenni,1
utage,1
gekkeiju,1
hungry,1
epoch,1
ryohei,1
gilgamesh,1
shou:,1
kyouyuu,1
shoubushi,1
s6,1
hanazono,1
festa,1
nante!,1
dareka,1
rousoku,1
goi-sensei,1
formars,1
lamp,1
hikari!,1
maou!,1
agerun,1
"\"\"\"eiyuu\"\"",1
mogura,1
starmyu,1
nt,1
omou,1
kanshu,1
kennosuke-sama,1
tegami,1
mushishi:,1
sarazanmai,1
daicon,1
3d:,1
sea,1
izakaya:,1
kaishingeki,1
saiyuuki!,1
persia,1
momoko,1
kateikyoushi,1
code:breaker,1
kurau,1
hitsugi,1
tanpen,1
arpeggio:,1
wakakusa,1
sekikashita,1
greek,1
nazomeite,1
patrasche,1
zo!,1
kogareru,1
aki,1
youna,1
chinkonka,1
azazel-san.,1
shidouroku,1
junai,1
kaihouku:,1
totsuzen!,1
screams,1
koroshiya,1
les,1
manyuu,1
kanchou,1
leaguer,1
number24,1
document,1
ba,1
isaku,1
modotte,1
voy@ger,1
sammy,1
eternity,1
minashigo,1
wing,1
shoutotsu,1
itoshiki,1
st☆rish,1
bean,1
kirameki,1
touch,1
yoiboshi,1
kashimashi:,1
zetman,1
kojou,1
yondara,1
tokubetsu,1
tomoyo,1
kyokuseiryou,1
will+dress,1
blaze,1
caesura,1
hand,1
sinbi,1
seiren,1
dies,1
spinners:,1
p-hyoro,1
zuerst,1
rinne,1
koisuru,1
3p!,1
military!,1
bing,1
sleeping,1
nensei,1
"omoide,",1
ex02,1
abenobashi,1
niang,1
tenbin,1
antique,1
shanks!,1
satsuei,1
melty,1
memochou,1
sasuke,1
originator,1
stride,1
graffiti,1
connect:,1
muyou!,1
summer:,1
monica,1
kat-tun,1
somali,1
doujin,1
saibou!!,1
accelerator:,1
choukessen,1
microphone,1
dori,1
ane:,1
donghua,1
ryouma!,1
kaizoku-dan,1
lovely,1
ikou!!,1
shinobuden,1
core,1
steady,1
crying,1
flamenco,1
hontou,1
zen:,1
frenzy,1
kirakira☆precure,1
lost:,1
ninin,1
hikenchou,1
blood-c:,1
chouju,1
renxing,1
shamballa,1
hyouryuuki,1
mura,1
shougeki,1
robin,1
phi,1
panda,1
byouki,1
ravex,1
baby★★,1
senshi:,1
kusanagi,1
wakaokami,1
itazuraguma,1
808,1
hot,1
gaoshou,1
ya,1
nusunda,1
yeowoobi,1
seiji,1
reins,1
magic-kyun!,1
22:,1
gemini,1
tooru,1
shinyuu,1
seitokaichou!,1
kikoutai,1
cutey,1
ccw:,1
symphony:,1
minami,1
japan,1
sazae-san,1
enikki:,1
asagi:,1
layzner,1
lesson,1
jianxin,1
35,1
ikkai,1
yamitsuki,1
sarusuberi:,1
peach-hime,1
blade:,1
skin,1
tottoko,1
ganzack,1
conqueror,1
kiitarou,1
toraware,1
adventures,1
star☆twinkle,1
yattemita.,1
0:,1
dreamland,1
"dai-chan,",1
shoumetsu,1
yeda,1
rinrika,1
arara,1
taikai/otona,1
aishiteru,1
lala,1
urda,1
koinegau,1
soushisouai,1
dakara,1
gumi!,1
harassment,1
ikoku,1
sanzenri,1
kankei,1
beauty,1
kassenki,1
colors,1
nurse,1
bara:,1
guanli,1
aoyama-kun,1
campanella,1
suketto,1
ami-chan,1
apateu:,1
komugi-chan,1
daiyousai,1
kagayaiteru,1
misérables:,1
diatron,1
moyou,1
25-sai,1
bin,1
bamboo,1
decode:,1
renka,1
guomin,1
dogma,1
falling,1
main,1
qingcheng,1
mononokean,1
shinreigari,1
x:,1
oishinbo:,1
strikers,1
jewel,1
"inu,",1
qianxian:,1
tsuushin:,1
liberty,1
futsuu,1
aegis,1
saikoro,1
sealed,1
oruorane,1
tarou,1
dahufa,1
tazunete,1
muhai,1
kakera,1
ruriiro,1
sacchuu!!,1
dvd-box,1
yakusai-hen,1
hakai,1
tours:,1
mesudachi,1
hachamecha,1
yuyushiki,1
zan,1
seika,1
orgasm,1
chuukan,1
strange+,1
jimiko,1
himari,1
kin,1
takarabako,1
shiba,1
ningyo,1
kounin,1
orusuban,1
irae,1
eye:,1
succession,1
haitoku,1
heiwa,1
makiba,1
micchiri,1
5-okunen,1
eroge,1
wedding,1
suntory,1
ushio,1
godzilla,1
revolutio:,1
seneki,1
shimai,1
niku,1
dokyuu,1
kantai,1
lotte,1
stop!!,1
nyancos:,1
assemble,1
mikan,1
shippuu!,1
tokkou,1
four,1
shingeki!,1
chuugakkou,1
g.r.m.,1
kuchizuke,1
recipe,1
yougashiten:,1
propose-hen,1
program,1
creamy,1
tenrou,1
gotoku,1
tetsuya,1
koizumi-san,1
kairaku,1
lullaby,1
mcdonald's,1
oishasan,1
yuan:,1
kaiki!,1
ballad,1
jiyi,1
"ryokou\"",1
saraiya,1
zo:,1
jun,1
diancie,1
nyanko,1
hyakuren,1
hanashi.,1
shinkai,1
hyoubu,1
futa-bu!,1
miteru:,1
reimei-hen,1
genius,1
komori,1
pleiades,1
manatsu,1
taimadou,1
azuki-chan,1
panchira,1
attacker,1
mami:,1
ogui:,1
natsuyuki,1
nayuta,1
mitsumeteita,1
deva,1
okuregachi,1
ze,1
teukgongdae,1
kankeinai,1
hug,1
gibo,1
kottou,1
shelter,1
pian:,1
bakuon!!,1
yokuryuu,1
treasure,1
fukigen,1
gan,1
shougeki!,1
luoyang,1
mitsuami,1
"mukou,",1
chuuihou!,1
object,1
momokuri,1
no.1,1
funsai,1
yell!,1
complex:,1
programmer,1
gyakusatsu,1
shinkoukei,1
enbo,1
kashou,1
6-gou,1
chikemuri,1
iroha,1
w:,1
kitsutsuki,1
mitsubachi,1
yinyangshi,1
terai,1
shimai-hen,1
hanabi-chan,1
kokoro-chan,1
gaiden!,1
mato,1
crayon,1
inutsu,1
eto,1
maggots,1
mystery,1
ishikawa,1
motsubeki,1
saijaku,1
energy,1
aura:,1
valkyria,1
shenhua,1
magikarte,1
gen,1
iwa,1
ozmafia!!,1
babuka:,1
lab,1
nemurihime,1
live!!!,1
situation!,1
pupipo!,1
qin,1
noel,1
mellowlink,1
maid-sama!:,1
"momoko,",1
kyuushutsu,1
mewtwo,1
k,1
nitian,1
automatic,1
infected,1
tablet,1
noruda,1
tatoeba,1
suberu,1
ikuta,1
gokudolls,1
magical,1
ojiisan,1
birthday:,1
maesetsu!,1
okoshi,1
kyouka!!,1
kanako,1
koufun!,1
majestic,1
xenoglossia,1
luluco,1
track:,1
bullet:,1
kappei,1
hong,1
cherry,1
chef,1
niea,1
snickers,1
bubblegum,1
"da,",1
kkum,1
ichiban!,1
throttle,1
dai-sensou,1
grimm,1
ares,1
ssx,1
shit,1
kuromajo-san,1
gatana,1
nabe,1
chi's,1
bem,1
champion,1
mazoku,1
sylvarant-hen,1
akashi,1
nagoya,1
"okoshiyasu,",1
nemuru,1
mahoromatic:,1
xiyou,1
wan!,1
kujira,1
bruja,1
akko-chan,1
mukashibanashi,1
fukuro,1
jacky,1
takanashi,1
tokai,1
cocktail,1
ideon,1
kyoushoku,1
hadou,1
shougakusei!,1
left,1
hikari☆rainbow,1
hanasaku,1
mao,1
heine,1
tsubasa:,1
fudanshi,1
sao,1
hadashi,1
amanatsu,1
biohazard:,1
samurai:,1
shunkan,1
kinyoubi,1
usamimi,1
silent,1
"yuri,",1
seisou-hen,1
isei,1
hole,1
changye,1
rocket,1
muma,1
i''s,1
wanwan,1
robomasters,1
kanamewo,1
mikka!,1
jirujiru,1
juuden-chan!!,1
nobu,1
re:rise,1
kinnikuman,1
seikon,1
yuuwaku,1
link,1
nikubenki,1
yo!,1
eightman,1
ikezu,1
kuishinbou,1
kakutou,1
stratos,1
miyu,1
chouzetsu,1
takagi-san:,1
sos,1
wagahai,1
haita,1
sasami-san@ganbaranai,1
oppai,1
nanigoto,1
kamigami,1
day's,1
remi-chan,1
deyi,1
dekinai.,1
bund,1
decode,1
anzio-sen,1
toujou!,1
3000,1
asteroid,1
ace:,1
kindan,1
water,1
kikanjuu,1
eightron,1
nido,1
zhongsheng,1
taisei,1
chäos;child,1
chikatetsu,1
futarikiri,1
up!!,1
kiseichuu,1
bittersweet,1
sojunghan,1
uwaki,1
daisuki.,1
onboro,1
seka,1
lunn,1
galko-chan,1
heppoko,1
tetsuo,1
sns,1
yokatta,1
douji,1
atom,1
yumemakura,1
jinguizi,1
ushi,1
summer!,1
genkou,1
polymar,1
taiiku,1
nendo,1
vrains,1
tailang,1
utakata,1
ryvius:,1
divide,1
sport,1
tsuukaku,1
31:,1
natural,1
arthur,1
f-zero:,1
symphogear,1
onee-chan,1
magatsu,1
d.c.,1
sketch,1
sekiei,1
confused,1
haruchika:,1
shion,1
misaka-san,1
shin-chan,1
nosewasure:,1
clay,1
eki,1
lite,1
duo,1
silver,1
½:,1
ouvertüre,1
gaoshou:,1
iyashite,1
gokudou,1
ajisai,1
sword-san,1
fuku,1
kingyo,1
negadon,1
evol,1
xechs,1
chuxi,1
yishi,1
kakyuusei,1
sei:,1
marginal,1
gekijou:,1
kuufuku,1
kamigawa:,1
souten,1
tsuma-tachi,1
kaitos,1
omamori,1
kurasu,1
natsunagu!,1
pan,1
ueki,1
baoh,1
midsummer,1
fresh,1
henneko,1
memories.,1
aneki...,1
10:,1
emeraldas,1
piplup,1
forever,1
yarinaoshi!!!,1
ranger,1
kanwa,1
original,1
yorinuki,1
kagami,1
cleopatra,1
pierrot,1
kancolle,1
late,1
crisis,1
a-ko,1
wa!!,1
zorro,1
qian,1
mochibei,1
kagayakeru,1
senobisuru,1
byston,1
ippou-san,1
amanee!:,1
oedo,1
hyouketsu,1
barom,1
hokusai,1
yuugen,1
gloomy,1
yuuseiboushi,1
micron,1
yukueshirezu,1
kitty,1
makkuro,1
clipper,1
xuanzhe,1
sabage-bu!,1
ranma,1
charlotte:,1
hollowness,1
playhouse,1
houma,1
captain,1
saikyou:,1
mingyue:,1
kick-heart,1
h,1
yose,1
episode:,1
jitensha-bu,1
kemonokko,1
wixoss,1
saku,1
shigofumi,1
fantasia,1
heitengo,1
zhaoqin,1
seishi,1
shinryaku!!,1
encyclopedia,1
suushinchuu,1
torokase,1
hellfire,1
cover,1
er,1
rurou,1
hiiro,1
patlabor:,1
distant,1
kau.,1
magician:,1
asobase:,1
masters,1
fantascope:,1
hello!!,1
fukkatsu-hen,1
saiwai,1
gals!,1
lipton,1
meiro,1
akanesasu,1
nudist,1
haikara-san,1
zhanji,1
another:,1
deeper,1
2d,1
ishinshishi,1
crowds:,1
wo.,1
konamaiki,1
fox,1
ordinal,1
kagewani,1
ikkyuu-san,1
cramer,1
onii-chan,1
z:,1
rockman.exe,1
bad,1
baten,1
crimson,1
jianyu,1
lian,1
kita!?,1
no☆prince-sama♪,1
senyou,1
kyoukaimenjou,1
gt:,1
niao,1
kurayami,1
b-gata,1
yuki-chan,1
ripple,1
kibou-hen,1
guaner,1
phantasy,1
yu☆gi☆oh!:,1
toori,1
tasho,1
arcadia:,1
mayu,1
tonkotsu,1
collab,1
zhuan,1
kinkreet,1
omocha!,1
finn,1
stars!!,1
19:,1
noodles:,1
nanokakan,1
lime,1
toushi,1
iron,1
mario,1
2520,1
nyanko-sensei,1
buster,1
triangle,1
najica,1
heiki,1
heartcatch,1
nanode,1
mezamenu,1
molcar:,1
corda:,1
tomodachinchi,1
mazinkaiser,1
kaeritai,1
machi:,1
crusher,1
tamayura,1
virus,1
yuragi-sou,1
ppeonhan,1
astarotte,1
marutto,1
trinary,1
huijia,1
kagerou,1
kakurenbo,1
smastation-3,1
"ressen,",1
yincang,1
saiunkoku,1
kusabi,1
hyperventilation,1
shirase,1
history,1
biji,1
shokuinshitsu,1
ayano,1
leng,1
bbs,1
a3!,1
nazotoki,1
shutsudou,1
koyomi,1
chuuka,1
louie,1
eleven:,1
kendo,1
data,1
choubatsu:,1
morfonication,1
cecil,1
tamatama,1
haguruma,1
futari!,1
mayuri,1
survive,1
koshitsuki,1
chiru,1
kouhen,1
run=dim,1
renou,1
joshikousei:,1
pinky,1
daikyuu,1
tsunagi,1
gorou:,1
senshuken,1
fanwai,1
seiyaku,1
joukamachi,1
dandelion,1
levante,1
utawarerumono,1
melodies.,1
ware,1
toumin-chuu.,1
5-nin,1
midarero.:,1
sensou:,1
ryuuou,1
brotherhood:,1
tenshi-tachi,1
nell,1
utau,1
tsundere,1
leaves,1
warriors,1
hakuouki,1
salon,1
katsuyaku,1
keppuuroku,1
hoshizora,1
kaori-hen,1
xiangyao,1
40,1
dance!!,1
overdress,1
kurumiwari,1
houkoku,1
excel♥saga,1
ben-to,1
riding,1
rendezvous,1
kita,1
nude,1
tekkon,1
nyankogelion,1
shinryaku!?,1
hagane,1
chain,1
fifth,1
victorian,1
r:b,1
yamaneko,1
ce,1
kizutsukanai,1
chronicle,1
tatakaemasu.,1
bonjour♪koiaji,1
bullets,1
vibration,1
hoihoi-san:,1
hyper,1
readymade,1
ceres,1
haja,1
chougekisen,1
wrestling,1
ikkan!!,1
kai?,1
benmashi,1
41:,1
furikabutte,1
kitaku-bu,1
senyuu.,1
musubu,1
na:,1
linke,1
bakuretsu,1
c.a.t.,1
driver:,1
yongzhe,1
dearest,1
02,1
hongniang,1
guilai,1
mewtwo!,1
hakugin,1
endou-kun,1
oshiete!,1
yome:,1
shiyo?,1
pure,1
logic,1
taikai,1
private,1
skate-leading☆stars,1
iro,1
shiken,1
invisible,1
demetan,1
haha,1
animegataris,1
sniper,1
maya,1
taifuu,1
seimeitai,1
landlock,1
zone,1
yubiwa!,1
kagejitsu!,1
poppin',1
nakanohito,1
intermedio,1
creed,1
ending,1
χ,1
croisée,1
(2016),1
despair,1
takigakure,1
paradise!,1
meisaku,1
mugiwara,1
akiba's,1
yozakura,1
nü'er,1
"toka,",1
pri*yucie,1
insight,1
shugoshin,1
shuukan,1
kurumi,1
m-66,1
junai-hen,1
rider,1
arusu,1
chuukou,1
file,1
genome,1
salesman,1
galo,1
quarter,1
tto!,1
matasaburou,1
tanondemita,1
eien:,1
trepanation,1
passo,1
kurogane,1
3x3,1
yuanqi,1
#ima,1
shiyakusho,1
gai,1
kiken,1
sarutobi,1
banbanzai,1
ura-on!,1
d.n.angel,1
irodoru,1
shougakusei,1
mushikago,1
ged,1
dinosaur,1
sukue,1
midara,1
robihachi,1
mikazuki,1
madlax,1
eleventh,1
kobato.,1
inkou,1
advent,1
laogong,1
ikiru,1
mirai-hen,1
breakers,1
sexfriend,1
ayashi,1
sakusen,1
shikiyoku,1
umayon,1
kizuku,1
rush!!,1
yawara!,1
toto,1
strong,1
actor,1
heavens,1
xiaohua,1
kaigou,1
daiou:,1
mitasu,1
billiards,1
country,1
children:,1
nagato,1
(1979),1
lily,1
yogoremon,1
oushitsu,1
dan,1
20:,1
tsubomi,1
gake,1
sexual,1
karneval,1
toho,1
aesthetica,1
schick,1
leda,1
burst:,1
luna,1
soccer,1
aizome,1
gaobai,1
bentou,1
yarimoku,1
rhythm:,1
miruka,1
maken-ki!,1
xx,1
agitated,1
smanime,1
internet,1
wormy,1
tea,1
hyouka:,1
nemurenai,1
age,1
side:blue,1
holo,1
herlock:,1
crisis,1
symphonia,1
kaito,1
girly,1
raison,1
honmei,1
ichinichi,1
hatena☆illusion,1
revive,1
yakitate!!,1
daiundoukai,1
nayandemasu.,1
hacka,1
pâtisserie,1
sleeping:,1
million,1
color,1
wo:,1
namida,1
zunda,1
kagayaki,1
ingrid:,1
shoujo-tai,1
square,1
musician,1
uchuu-hen,1
cult,1
yawara!:,1
hagure,1
puni,1
freyline:,1
shuffle!,1
futa-bu!!,1
gal's↑↑,1
santa,1
haruta,1
baka:,1
houshi,1
"inari,",1
mujin,1
japari,1
jikken,1
murenase!,1
silence,1
vividred,1
evol×love,1
jianghu:,1
yarichin,1
umacha,1
oz.,1
salamander,1
ramens,1
stranger,1
hatsukoi:,1
hihamukage,1
cyber,1
nagai,1
jidao,1
box:,1
kinryouku,1
izakaya,1
zetsumetsu,1
yomigaeru,1
p38,1
#watashitolipton,1
namakura,1
otsukai,1
2!,1
nageki,1
18:,1
log!,1
saishuu,1
tezuka,1
aratanaru,1
a.i.c.o.:,1
makura,1
16:,1
kagayaku,1
yewai,1
jingai-san,1
07-ghost,1
bitch:,1
make,1
mouse,1
raoh,1
kurosuke,1
tobidase,1
kirameki☆project,1
tanteisha:,1
ouchi,1
oshigoto!,1
isekai-hen,1
otokonoko,1
tears,1
kurokami,1
shizukani,1
watashi:,1
nemuranai,1
gosenzo-sama,1
cinnamon,1
shoukanjuu:,1
bell!!,1
ge:,1
papuwa,1
bahamut,1
jurassic!,1
senchou,1
work,1
konna,1
taiketsu!!,1
jinyiwei,1
gorg,1
scared,1
inaka,1
fugaku!!,1
skl,1
delivery,1
oku,1
hang,1
fuuin,1
kukkyou,1
arslan,1
choudoyoi,1
athletess,1
wai,1
shiroki,1
sanjuushi,1
ng,1
banbanzai!,1
eroriman,1
nisatsume,1
baldios,1
chuumoku,1
yane,1
kowai!,1
animaru,1
gokiburi,1
kyoufu,1
virtuacall,1
market,1
ni!,1
gogogo,1
shougaku,1
hamtarou,1
ima,1
jimusho,1
[locodol],1
shougeki:,1
ichizon,1
kaisetsu,1
riyuu,1
gyutte,1
izetta,1
barristers:,1
sawyer,1
iblard,1
conception,1
single,1
fukai,1
abaddon,1
arashi!,1
sakusei,1
driving,1
viper's,1
girl's,1
fighters,1
ganbaruzu!,1
atsume,1
torare,1
cooking,1
yijia,1
hibari-kun!,1
dengeki,1
flame,1
kome:,1
(1989),1
tenka,1
renaissance,1
tsuyoimono-tachi,1
shanhe,1
youxia,1
liliana-san,1
himawari,1
bijutsukan,1
climbing,1
god's,1
yoshi's,1
misaki,1
windaria,1
sajou,1
musabi,1
ufo,1
tylostoma,1
hima,1
nerawareta,1
lagann:,1
shinsatsu,1
maryuuin,1
mutafukaz,1
daibakuhatsu,1
hurricane,1
genmu,1
soldier,1
injiru,1
"datte,",1
sho-bitch,1
gone,1
hetalia,1
zenrakei,1
huyao,1
joshikausei,1
fake,1
nisei,1
nochi,1
hortensia,1
kaigo,1
knight☆catue,1
garzey,1
tamagotchi,1
fukusei-ningen,1
reiwa,1
hamatora,1
de...,1
hololive,1
maburaho,1
kouhosei,1
mamore!,1
regenesis,1
maria†holic,1
banipal,1
druaga,1
joshikou,1
bremen,1
kikou:,1
jingi,1
random,1
nozo,1
track/robot,1
na-i-sho,1
hiro,1
bumblebee,1
yatsura:,1
underdog,1
tokubetsu-hen,1
rice,1
shoumen,1
kimeta!,1
military!:,1
d'être,1
jikuuden,1
pailsen,1
kamakura,1
hua,1
kanamemo,1
akachan,1
sketch:,1
divers,1
un-go,1
omoigumo,1
aruite,1
hou:,1
umineko,1
xmas,1
florence,1
kenkou,1
hangyakusei,1
mamoru!,1
kirakira,1
capeta,1
suki.,1
daze:,1
primo,1
atranger,1
woods,1
nal-ui,1
bakemono,1
dainiki,1
puchi,1
ciyuan,1
toji,1
"motenaishi,",1
jonan,1
chuuzenji,1
kime,1
alchemic,1
shigoku,1
tsuyoi,1
shanshui,1
garupa☆pico,1
oretachi,1
iinkai:,1
riron,1
daomu,1
diebuster,1
serge,1
gekisou!,1
sanjou!!,1
california,1
mujun,1
gengou,1
show!!,1
heidan,1
kohakuiro,1
slayers,1
nekojiru,1
joban,1
grogu,1
bonus,1
slide,1
saidai,1
nobuna,1
kuusen,1
railgun:,1
"konkon,",1
gensei,1
kodomo-tachi,1
zun,1
q,1
shirayuki,1
wuxie,1
gotcha!,1
ars,1
roots,1
mashiro-iro,1
attakai,1
magical★taruruuto-kun,1
seitokaichou-sama,1
mini,1
doubutsuki:,1
(spring,1
ni...,1
madox-01,1
motto,1
pilot,1
vacation,1
kaisou,1
angolmois:,1
qi:,1
iyashi,1
shikkaku,1
renjian,1
ponyo,1
kikan,1
pochi!,1
no.1:,1
träumend,1
tsuki:,1
enban,1
hyakkiya,1
land,1
northern,1
lianle,1
gekitou!,1
shounan,1
milk,1
divergence,1
fuujin,1
powers,1
chisato,1
pei,1
bandit,1
usagi-chan,1
absolute,1
"\"\"goken-darake\"\"",1
starlight:,1
kira,1
cinemas,1
tenri-hen,1
shuuketsu!,1
"kuma-san,",1
dangaiou,1
mangirl!,1
bnw,1
uta∽kata,1
miyakawa-ke,1
storia:,1
sun,1
akogare,1
gurashi,1
rec,1
bayonetta:,1
fate,1
narimasu.,1
aitheria,1
doutai,1
orion,1
aida,1
captured,1
files,1
yakin,1
ike!,1
re:␣hamatora,1
kotodama,1
tsuyudaku,1
virus:,1
fractale,1
lady,1
bakugan,1
shitou,1
laidbackers,1
hoken,1
chuan:,1
atlantic,1
shite!,1
mazinger,1
sunahama,1
forest,1
prix,1
itsuka,1
shuugakuryokou,1
miboujin,1
takuto,1
keibu,1
kirby,1
"\"busou",1
enikki,1
a-channel,1
daikaiju,1
heavy,1
service,1
iroha.,1
kurozuka,1
noboru,1
bikini,1
dekita,1
colosseo,1
bakusouzoku,1
juju,1
saiya-jin,1
bunka,1
keppeki,1
tenshi:,1
tegamibachi,1
qinling,1
den,1
katteru,1
shinkansen,1
prince:,1
hoozuki,1
zenki,1
cafe,1
dash!,1
carlvinson,1
keikaku!,1
key,1
sola,1
siwan,1
stigma,1
amai,1
axis,1
quartet:,1
umishou,1
gundress,1
mukiryoku,1
mach,1
hyouge,1
woolly,1
animations,1
bonyuu,1
crescent,1
well,1
"yo,",1
russia,1
gokurakuin,1
daare,1
elder,1
zaoyu,1
exhaust,1
utsusemi,1
zhizun,1
narase!,1
milu,1
crash,1
peace!,1
gift,1
coppelion,1
step,1
boy:,1
kerokko,1
walking,1
crepuscolo,1
xilie,1
patrol,1
tou:,1
erina,1
xabungle,1
maniax,1
cosette,1
wafter,1
inuyasha:,1
bell,1
shoujo-kei,1
2010:,1
is:,1
deadly,1
basara:,1
oratoria,1
cheonnyeon-yeowoo,1
machiavellianism:,1
tokumori,1
otokojuku,1
senya,1
tom,1
"shikou,",1
g:,1
b,1
card-hen,1
milgяam,1
ein,1
coji-coji,1
revealing,1
kakuchou,1
kora,1
gintama-san,1
okaeri,1
garn,1
tip,1
hashi,1
chicken:,1
fan,1
s1,1
cagaster,1
working!!!,1
guyver,1
gokui,1
glorious,1
docchi,1
tytania,1
let,1
ta,1
web,1
onigiri-kun,1
hakata,1
linebarrels,1
seiyou,1
twintail,1
urawa,1
kyousuke,1
insert,1
♂,1
think,1
hanabira,1
kuang,1
tamers,1
saiyajin,1
sumikko,1
maman,1
short,1
kouyuu!!,1
koishiteru,1
yangyang,1
shiny,1
netsuzou,1
boxing,1
ubasuteyama,1
tsukaiyou,1
housoku,1
sakura:,1
dimensions,1
nishi,1
choujuushin,1
sakura-chan!,1
jogakuin,1
tousou,1
micro,1
the☆ultraman,1
meremanoid,1
bush,1
xros,1
kannazuki,1
gakki,1
cornelica,1
legacy,1
kakushin,1
suteki,1
cheer,1
pirates,1
devidol!,1
zanryuu,1
toka.,1
carnage,1
mouretsu!,1
leazas,1
okusama,1
chain:,1
caroucha,1
brain:,1
arcadia-gou,1
anemone,1
gintama°:,1
scrapped,1
kud,1
moon:,1
shaonu,1
xy,1
nachuyachumi!+,1
otoshidama,1
ryou,1
jugyou,1
mokkai,1
kakeru!,1
tooru!!,1
bloom,1
jam,1
panikku,1
urban,1
tabibito:,1
kieyuku,1
huckleberry,1
striker,1
vendetta,1
lieren,1
yodel,1
12,1
unison,1
shichisei,1
saraba,1
dashi,1
tettei,1
sol,1
houou,1
∞,1
keaton,1
echo,1
kiroku,1
blood-c,1
ohayou,1
taose!,1
rebecca,1
kyuuketsuhime,1
birth,1
revelations,1
2001,1
square:,1
02:,1
miwu,1
toka,1
kenda,1
early,1
aoharu,1
rongyao,1
ari,1
pyramid,1
kohaku,1
center,1
musekinin,1
detonation,1
hazard:,1
raid,1
youma,1
room:,1
wahrheit:,1
gokusen,1
slapstick,1
2205:,1
atagoul,1
right,1
mitsudomoe,1
zesshou,1
shihai,1
mode,1
bucchigiri,1
wood,1
mecha,1
fit,1
nyoro-n,1
producer:,1
slump,1
transformers:,1
marugoto,1
(music),1
dounika,1
ura-on!!,1
kyuujotai,1
hasami,1
ayashiki,1
funnu,1
xy&z,1
memumemu-chan,1
furiko,1
goemon,1
shenyi,1
rhythmens,1
konjiki,1
resurrection,1
subaru,1
aki-sora:,1
uchuujin,1
reviews,1
brothers:,1
oda,1
ss+,1
madoushi,1
eievui,1
kiki,1
gotoku!!,1
viii,1
dokidoki!,1
kabuki-bu!,1
akechi,1
kishin,1
excess,1
chitose-chan,1
formars:,1
holic:,1
miwaku,1
toilet,1
nokemono-tachi,1
half,1
odo,1
chaika,1
puppeteer,1
2202:,1
fate/prototype,1
gui,1
concrete,1
hanako-san,1
heartful,1
machine-doll,1
takei,1
chibo,1
amida,1
habatake,1
kuroku,1
"kaitai\"",1
gate-hen,1
venus,1
button,1
souda,1
trip,1
nakedyouth,1
giants,1
möbius,1
kuraku,1
dt,1
kaisha,1
hiki,1
gokinjo,1
ketsu,1
merc,1
juchang,1
jimihen!!:,1
mangatan,1
gravion,1
iiird:,1
oyayubi-hime,1
kentoushi,1
mouretsu,1
oyako,1
punk,1
bloody,1
veldora,1
motto!,1
chokotto,1
supers:,1
gattai,1
patalliro,1
"iro,",1
junkie:,1
beer,1
setonai,1
4-koma,1
witchblade,1
koi☆sento,1
butouden,1
inane-sama,1
strange,1
reality,1
miyano:,1
biwu,1
restaurant,1
arc-v,1
dx2:,1
gallery,1
arcadia,1
gakuha,1
joi,1
raihousha-hen,1
nikki!,1
no...,1
pair:,1
kanriroku,1
laizi,1
nee,1
kogepan,1
zetsubou-hen,1
selector,1
jikkyou,1
sugoi,1
dante,1
collaboration,1
doki!,1
chenshi,1
stayed,1
mahou☆shoutengai,1
true,1
aishita,1
quiet,1
judgment,1
igpx:,1
heroic,1
isan,1
zekkyou,1
sabakarechau,1
girls:,1
danchigai,1
daisougen,1
gash,1
bahamut:,1
twilight,1
factor,1
rokujuusou,1
xiangce,1
hunter:,1
30-sai,1
challenger,1
puni☆poemii,1
ramen,1
kinen,1
zou-san,1
oyakodon:,1
watashitachi,1
cazador,1
rasen,1
seima,1
005-bin,1
areba,1
sentaichou,1
nagagutsu,1
t:,1
complete,1
hxeros,1
revengers:,1
boukyaku,1
bujutsukai,1
mura:,1
ran,1
tetsujin,1
kame,1
goyou,1
aisai,1
porphy,1
taimashi,1
kurai,1
yuuna-san,1
"nessen,",1
danshi!!,1
wizard,1
0083:,1
tylor,1
ichigeki,1
hutch,1
tsuzuki,1
cuore,1
kil-dong,1
h-kei,1
version,1
ashinaga,1
inuki,1
fuyou,1
umisea,1
saiyo,1
pelican,1
photon,1
clockwork,1
rekka,1
moetsukiro!!,1
caligula,1
rave,1
dungeon:,1
saijitsu,1
blood:,1
spt,1
goat,1
puzzle,1
ouji-tachi,1
hotori:,1
kekkou,1
san☆hai!,1
vii:,1
kaechau,1
otoshimono,1
bounty,1
harbor,1
fashion,1
dwaeji-ui,1
majinjou,1
frankenstein,1
aishiteruze,1
suiei-bu,1
1001,1
xuan,1
◯,1
genki,1
gaki,1
windows,1
chocotan!,1
hyouken,1
weed,1
kaita,1
009:,1
himitsu!,1
hello!,1
sinhwa:,1
piano,1
churuya-san,1
pripara,1
chikan,1
aikatsu,1
