title,count
Kengan Ashura Part 2,1
Seihou Bukyou Outlaw Star,1
"Komi-san wa, Comyushou desu. 2nd Season",2
Yuuki Yuuna wa Yuusha de Aru,1
One Piece Movie 01,1
K,1
Kaginado,1
Mushoku Tensei: Isekai Ittara Honki Dasu - Eris no Goblin Toubatsu,10
JoJo no Kimyou na Bouken Part 3: Stardust Crusaders 2nd Season,2
The Sky Crawlers,2
Bakuman.,1
Suzumiya Haruhi no Yuuutsu (2009),2
Fullmetal Alchemist,1
Nichijou,4
Silent Möbius,1
Shinka no Mi: Shiranai Uchi ni Kachigumi Jinsei,4
Pokemon Diamond & Pearl,1
Shikizakura,1
Kubo-san wa Mob wo Yurusanai,4
Hataraku Saibou Black,2
Mahouka Koukou no Rettousei,1
Parasite Dolls,1
Ano Hi Mita Hana no Namae wo Bokutachi wa Mada Shiranai.,9
K-On!!: Keikaku!,1
Soukou Kihei Votoms: Red Shoulder Document - Yabou no Roots,1
Kidou Senshi Gundam ZZ,2
Strawberry Panic,2
Dakaretai Otoko 1-i ni Odosarete Imasu.,1
Steins;Gate 0,3
Afro Samurai,1
Girls Bravo: First Season,1
Pokemon: Mewtwo! Ware wa Koko ni Ari,1
Amagami SS,3
Samurai Champloo,6
Byston Well Monogatari: Garzey no Tsubasa,1
School Rumble,1
JoJo no Kimyou na Bouken Part 6: Stone Ocean Part 3,1
Minami-ke Okaeri,1
Battle Spirits: Sword Eyes,1
Full Metal Panic! The Second Raid: Wari to Hima na Sentaichou no Ichinichi,1
Hanasaku Iroha,1
Wotaku ni Koi wa Muzukashii OVA,1
Abenobashi Mahou☆Shoutengai,1
Jujutsu Kaisen 0 Movie,42
Akuyaku Reijou nano de Last Boss wo Kattemimashita,6
Tsundere Akuyaku Reijou Liselotte to Jikkyou no Endou-kun to Kaisetsu no Kobayashi-san,1
Tsuki to Laika to Nosferatu,5
Dr. Stone: Stone Wars,3
Bokura no,1
Shingeki no Kyojin: The Final Season,9
Rance 01: Hikari wo Motomete The Animation,1
Tate no Yuusha no Nariagari Season 2,1
JoJo no Kimyou na Bouken Part 6: Stone Ocean,7
Hyperventilation,1
Succubus Stayed Life The Animation,1
Kono Subarashii Sekai ni Shukufuku wo! 2,2
Midara na Ao-chan wa Benkyou ga Dekinai,1
Yuuki Yuuna wa Yuusha de Aru: Washio Sumi no Shou,1
Koroshi Ai,8
Kizumonogatari I: Tekketsu-hen,2
Kimi no Na wa.,14
Teekyuu 4,1
Fate/kaleid liner Prisma☆Illya Movie: Licht - Namae no Nai Shoujo,1
Dance in the Vampire Bund,1
One Outs,2
Jing: Shuang Cheng 2nd Season,1
Hana to Alice: Satsujin Jiken,2
Mahou Shoujo Lyrical Nanoha: The Movie 2nd A's,1
Mob Psycho 100,13
Do It Yourself!!,7
The Legend of Heroes: Sen no Kiseki - Northern War,1
Tonari no Totoro,1
Touhai Densetsu Akagi: Yami ni Maiorita Tensai,2
Kyuuketsuki Sugu Shinu,6
Koi to Uso,1
Curry Meshi in Miracle,1
Mob Psycho 100 II,5
Tensei shitara Slime Datta Ken,6
AD Police,1
Ane wa Yanmama Junyuu-chuu,2
Hyouken no Majutsushi ga Sekai wo Suberu,1
Little Witch Academia (TV),2
Imawa no Kuni no Alice,1
Soul Eater,2
Golden Time,6
Ookami to Koushinryou,3
Shokugeki no Souma,4
Working!!,2
Build Divide: Code Black,1
Haibane Renmei,4
Tropical-Rouge! Precure,2
Berserk,1
InuYasha: Kanketsu-hen,1
Tasogare Otome x Amnesia,2
Zhu Xian,1
Boogiepop wa Warawanai,2
Chihayafuru 2,1
Code Geass: Hangyaku no Lelouch R2 Omake Flash,1
Tegamibachi,1
Space☆Dandy,3
Ganbare Douki-chan,1
Kidou Senshi Gundam Thunderbolt,1
Mirai Nikki: Redial,1
"Sentouin, Hakenshimasu!",1
"Komi-san wa, Comyushou desu.",41
Baki,2
Onboro Film,1
C: The Money of Soul and Possibility Control,2
Lovely★Complex,6
Kekkai Sensen,4
Tenshi na Konamaiki,1
Seirei no Moribito,2
Fruits Basket: The Final,10
Doraemon Movie 25: Nobita no Wan Nyan Jikuuden,1
Ano Natsu de Matteru,2
High☆Speed! Movie: Free! Starting Days,1
Kono Subarashii Sekai ni Shukufuku wo! Movie: Kurenai Densetsu,2
"Watashi ga Motenai no wa Dou Kangaetemo Omaera ga Warui!: Motenaishi, Nazomeite Miru",1
Mars Red,1
Bishoujo Senshi Sailor Moon Crystal,1
Boku no Chikyuu wo Mamotte,2
Tomo-chan wa Onnanoko!,6
Ikebukuro West Gate Park,2
Futari wa Precure: Max Heart,1
El Hazard: The Magnificent World,1
Shingeki no Kyojin OVA,1
Tian Shu Qi Tan,1
Stand By Me Doraemon,1
Dark Cat,1
Aoi Hana,2
Motto! Ojamajo Doremi,1
Fumetsu no Anata e,11
Ore no Kanojo to Osananajimi ga Shuraba Sugiru,1
Hataraku Maou-sama!,4
Tonikaku Kawaii,3
Murder Princess,1
Bai Gui Youeryuan,1
Natsume Yuujinchou Go,1
Natsume Yuujinchou Go Specials,1
Triage X,1
Ballroom e Youkoso,4
Shingeki no Kyojin: The Final Season Part 2,44
Kidou Senshi Gundam: Gyakushuu no Char,1
Kanokon,1
Mahou no Tenshi Creamy Mami: Eien no Once More,1
Kami no Tou,7
Early Reins,1
Barom One,1
Given,3
Cross Ange: Tenshi to Ryuu no Rondo,2
Ninja Batman,1
Mahou Shoujo Lyrical Nanoha StrikerS,1
Hello World,3
Higurashi no Naku Koro ni Kaku: Outbreak,2
Shakugan no Shana III (Final),1
Hot Minute: Aggretsuko,1
Boruto: Naruto Next Generations,7
Radiant,2
Kidou Senshi Gundam Unicorn,3
Tokkou,1
Rozen Maiden: Ouvertüre,1
Akatsuki no Yona OVA,1
3Ping Lovers!☆Ippu Nisai no Sekai e Youkoso♪ The Animation,1
Shinmai Maou no Testament: Toujou Basara no Hard Sweet na Nichijou,1
Iyashite Agerun Saiyuuki,1
Arte,1
Lupin III vs. Cat's Eye,1
Tong Ling Fei,3
Koi wa Ameagari no You ni,4
Vanitas no Karte,10
Honobono Log,1
Super Mario Brothers: Peach-hime Kyuushutsu Daisakusen!,1
Jinrui wa Suitai Shimashita,1
Girls & Panzer,3
Yatogame-chan Kansatsu Nikki,1
Eromanga-sensei,3
Maesetsu!,1
Tunshi Xingkong 2nd Season,1
.hack//Sign,1
Renwu Dashi,1
"Gate: Jieitai Kanochi nite, Kaku Tatakaeri",1
The Gakuen Choujo-tai,2
Yu☆Gi☆Oh! Zexal,1
Tengen Toppa Gurren Lagann,9
Xue Yu Xin,1
Evangelion: 3.0+1.0 Thrice Upon a Time,3
Ijirare: Fukushuu Saimin,1
Soukou Kihei Votoms,1
"Clannad: After Story - Mou Hitotsu no Sekai, Kyou-hen",1
Gintama.: Porori-hen,2
Summer Wars,2
number24,1
Overlord,8
Kakkou no Iinazuke,1
Hokuto no Ken,1
Love Stage!!,1
Mayo Chiki!,1
Merc Storia: Mukiryoku no Shounen to Bin no Naka no Shoujo,1
InuYasha,4
Cosplay Complex,1
Chainsaw Man,48
Shinchou Yuusha: Kono Yuusha ga Ore Tueee Kuse ni Shinchou Sugiru,5
Dr. Stone: Ryuusui,1
Ling Qi 2,1
Owarimonogatari 2nd Season,3
Haikyuu!! To the Top Part 2,1
Fate/Zero 2nd Season,5
Ansatsu Kyoushitsu,8
Rakudai Kishi no Cavalry,1
Isaku,1
Oda Nobuna no Yabou,1
Paprika,1
Kemonokko Tsuushin: The Animation - Ushi Musume Bell,1
Kill la Kill,6
Vinland Saga,14
High School DxD,5
Mahouka Koukou no Rettousei Movie: Hoshi wo Yobu Shoujo,1
Texhnolyze,5
Kokoro Connect,3
B-gata H-kei,1
Yatogame-chan Kansatsu Nikki Nisatsume,1
Kud Wafter,1
Boku wa Imouto ni Koi wo Suru,2
Koukaku Kidoutai: Stand Alone Complex,1
"Benriya Saitou-san, Isekai ni Iku",2
Teekyuu 2,1
Blade Runner: Black Lotus,7
Yakin Byoutou Specials,1
Choujikuu Seiki Orguss,2
Toaru Kagaku no Accelerator,1
Teekyuu,1
RahXephon,2
Tensura Nikki: Tensei shitara Slime Datta Ken,1
Omoide no Marnie,3
Gundam: G no Reconguista Movie I - Ike! Core Fighter,1
Nisekoi,5
Pokemon Movie 22: Mewtwo no Gyakushuu Evolution,1
Orange,4
Sewayaki Kitsune no Senko-san,7
Sword Art Online: Alicization - War of Underworld,2
Fairy Tail (2014),2
Gunsmith Cats,2
Cider no You ni Kotoba ga Wakiagaru,6
Q,1
Michiko to Hatchin,1
Tsurune: Kazemai Koukou Kyuudou-bu,3
Heisei Tanuki Gassen Ponpoko,1
Deltora Quest,1
Persona 4 the Golden Animation,2
Uchuu Senshi Baldios,1
Danna ga Nani wo Itteiru ka Wakaranai Ken 2 Sure-me,1
Cowboy Bebop,28
Appleseed,1
Bishoujo Senshi Sailor Moon SuperS Gaiden: Ami-chan no Hatsukoi,1
Aharen-san wa Hakarenai,2
Fairy Tail Movie 2: Dragon Cry,2
Blood-C: The Last Dark,1
Full Metal Panic!,1
Hellsing,1
Selection Project,2
Mahou Shoujo Ikusei Keikaku,1
Wan Sheng Jie 2,1
Bitch na Inane-sama,1
Rebecca,1
Gakuen Handsome,3
Atasha Kawashiri Kodama da yo: Dangerous Lifehacker no Tadareta Seikatsu,3
Tensai Ouji no Akaji Kokka Saisei Jutsu,16
Anne Happy♪,2
"Doukyonin wa Hiza, Tokidoki, Atama no Ue.",1
Ookiku Furikabutte: Natsu no Taikai-hen,3
Gintama: The Final,4
SK∞,5
Rokka no Yuusha,1
Bai Yao Pu,1
Change!! Getter Robo: Sekai Saigo no Hi,1
3D Kanojo: Real Girl,2
Shikioriori,1
Make My Day,1
Tokyo Revengers: Seiya Kessen-hen,1
Kokoro ga Sakebitagatterunda.,3
Black Lagoon: The Second Barrage,1
Kanata no Astra,5
Nourin,2
Hikaru no Go,1
Rikei ga Koi ni Ochita no de Shoumei shitemita. Heart,1
Kaguya-sama wa Kokurasetai: Ultra Romantic,3
Clannad,3
Air Master,1
Sketchbook: Full Color's,1
Ai wa KAT-TUN,1
Soukou Kihei Votoms: The Last Red Shoulder,2
Plastic Memories,3
Mi Yu Xing Zhe,1
Majo demo Steady,1
Nisekoi:,3
One Piece Film: Strong World,1
Yahari Ore no Seishun Love Comedy wa Machigatteiru. Zoku,2
Re:Zero kara Hajimeru Isekai Seikatsu 2nd Season,5
Majo no Takkyuubin,1
"Goodbye, Don Glees!",2
Sora yori mo Tooi Basho,4
Nagasarete Airantou,1
Lunn wa Kaze no Naka,1
Cardcaptor Sakura Movie 2: Fuuin Sareta Card,1
Jormungand,1
Minami Kamakura Koukou Joshi Jitensha-bu,1
Romantic Killer,6
5-toubun no Hanayome Movie,3
Fantasy Bishoujo Juniku Ojisan to,27
Baby I Love You Daze,1
Soredemo Sekai wa Utsukushii,2
Free! Movie 4: The Final Stroke - Zenpen,1
Buddy Complex,1
Gallery Fake,1
One Piece: Taose! Kaizoku Ganzack,1
Märchen Mädchen,1
Gintama°,5
Citrus,3
Chuunibyou demo Koi ga Shitai! Ren,3
Strange+,1
"Yuru Yuri,",1
"Inari, Konkon, Koi Iroha.",1
Kannazuki no Miko,1
Yuru Yuri♪♪,1
Ame wo Tsugeru Hyouryuu Danchi,2
Saint Seiya,1
"Shin no Nakama ja Nai to Yuusha no Party wo Oidasareta node, Henkyou de Slow Life suru Koto ni Shimashita",14
Makai Kishi Ingrid: Re - Mesu Buta Dorei ni Ochita Makai Kishi,1
Kotonoha no Niwa,7
Fate/Grand Order: Shuukyoku Tokuiten - Kani Jikan Shinden Solomon,12
Edens Zero,2
Kara no Kyoukai Movie 1: Fukan Fuukei,1
Inu to Hasami wa Tsukaiyou,1
Wu Liuqi: Zui Qiang Fa Xing Shi,1
Ginga Eiyuu Densetsu: Die Neue These - Sakubou,2
Dragon Ball Z,5
Tsurezure Children,4
Tsuki ga Kirei,8
Junk Boy,1
Satsuriku no Tenshi,4
Futari Ecchi,1
Zoku Natsume Yuujinchou,1
Lapis Re:LiGHTs,1
Mahou Shoujo Lyrical Nanoha A's,1
Teekyuu 2 Specials,1
K-On!,10
Shin Hurricane Polymar,1
Ping Pong the Animation,3
Ginga Eiyuu Densetsu,3
Isekai wa Smartphone to Tomo ni.,2
Prison School,3
Gamers!,1
Sakurako-san no Ashimoto ni wa Shitai ga Umatteiru,1
Boku no Hero Academia 4th Season,2
Yama no Susume,1
Neon Genesis Evangelion,15
Yongzhe Donghua Xilie,1
Uchuu Kyoudai,3
Mahou Shoujo Site,1
3D Kanojo: Real Girl 2nd Season,3
Mirai Shounen Conan,1
Kono Oto Tomare! Part 2,3
Saraiya Goyou,1
Tonari no Seki-kun,1
Obey Me!,2
Boku no Hero Academia 5th Season,7
Hanhua Riji 3rd Season,1
Usseewa,1
Arifureta Shokugyou de Sekai Saikyou 2nd Season,11
Owarimonogatari,2
Eroriman,1
Kyoukai no Kanata,1
Kyonyuu Elf Oyako Saimin,1
Natsume Yuujinchou: Itsuka Yuki no Hi ni,1
Koi to Producer: EVOL×LOVE,1
Toradora!,15
Tondemo Skill de Isekai Hourou Meshi,4
Shin Kidou Senki Gundam Wing: Endless Waltz,1
Kodomo no Omocha (TV),1
Tokyo 24-ku,1
Toaru Kagaku no Railgun: Misaka-san wa Ima Chuumoku no Mato desu kara,1
Lupin Zero,1
Summertime Render,6
Itou Junji: Maniac,3
"Kanojo, Okarishimasu 2nd Season",1
Heroine Tarumono! Kiraware Heroine to Naisho no Oshigoto,1
Genmu Senki Leda,1
Fruits Basket: Prelude,2
Puchi Pri*Yucie,1
Yahari Ore no Seishun Love Comedy wa Machigatteiru.,5
Kono Subarashii Sekai ni Shukufuku wo! 2: Kono Subarashii Geijutsu ni Shukufuku wo!,2
Tian Bao Fuyao Lu 2nd Season,1
Isekai Yakkyoku,2
Casshern Sins,2
Isekai Meikyuu de Harem wo,2
Eikoku Koi Monogatari Emma: Molders-hen,2
Amnesia,1
Gankutsuou,1
Jahy-sama wa Kujikenai!,8
Angel Densetsu,1
Kidou Senshi Gundam: Suisei no Majo,18
Great Teacher Onizuka,6
Mahou Shoujo Lyrical Nanoha: Detonation,1
Beyblade Burst Dynamite Battle,2
Cop Craft,1
High School Fleet,2
Kimetsu no Yaiba,19
Re:Zero kara Hajimeru Isekai Seikatsu,11
Choujin Koukousei-tachi wa Isekai demo Yoyuu de Ikinuku you desu!,2
Nijiiro Days,2
Great Pretender,5
Tenkuu no Shiro Laputa,2
Kyokou Suiri,2
Just Because!,1
Hunter x Hunter Pilot,1
Vinland Saga Season 2,6
Mawaru Penguindrum,3
Dance Dance Danseur,1
Higurashi no Naku Koro ni Kai,2
Shoujo Shuumatsu Ryokou,7
"Okoshiyasu, Chitose-chan",1
Fukai ni Nemuru Oujo no Abaddon The Animation,1
Dogs: Bullets & Carnage,1
Nagi no Asu kara,4
Samurai Giants,1
Ishuzoku Reviewers,5
Saikyou Donbei x Hanma Baki: Saikyou no Dongitsune Genrutsutsu,1
Yagate Kimi ni Naru,4
Transformers Zone,1
Grappler Baki (TV),1
Uchuu Senkan Yamato 2202: Ai no Senshi-tachi,1
Shin Megami Tensei: Tokyo Mokushiroku,1
Kuusen Madoushi Kouhosei no Kyoukan,1
Re-Kan!,1
Papuwa,1
One Piece,17
Aru Asa Dummy Head Mic ni Natteita Ore-kun no Jinsei,2
One Piece Film: Gold,2
Princess Tutu,2
Guilty Crown,3
Evangelion: 1.0 You Are (Not) Alone,2
Chikyuu Shoujo Arjuna,1
Oz.,1
Yuru Camp△ Season 2,3
Boku no Hero Academia the Movie 3: World Heroes' Mission - Tabidachi,2
Kanojo to Kanojo no Neko: Everything Flows,1
Bishounen Tanteidan,1
Natsume Yuujinchou San,1
Magical★Taruruuto-kun,1
Fate/Extra: Last Encore,1
Kokkoku,1
Darling in the FranXX,9
Sono Bisque Doll wa Koi wo Suru,129
Made in Abyss: Retsujitsu no Ougonkyou,5
Engage Kiss,2
Kyoukai no Kanata Movie 2: I'll Be Here - Mirai-hen,1
Nazo no Kanojo X,4
Aya to Majo,3
Xingchen Bian: Xingchen Yao Hai,1
Gensei Shugoshin P-hyoro Ikka,1
Another,9
Yofukashi no Uta,4
Howl no Ugoku Shiro,6
Mushoku Tensei: Isekai Ittara Honki Dasu,34
Kimi ni Todoke 2nd Season,2
Minami-ke Tadaima,1
Akage no Anne,1
Final Fantasy VII: Advent Children Complete,1
Battle Royal High School,1
Initial D Fifth Stage,1
Gun x Sword,1
Doukyuusei (Movie),3
Mardock Scramble: The Third Exhaust,1
Pokemon Fushigi no Dungeon: Shutsudou Pokemon Kyuujotai Ganbaruzu!,1
Kamigawa: Kagayakeru Sekai,1
Dinghai Fusheng Lu,1
Adachi to Shimamura,1
Kage no Jitsuryokusha ni Naritakute!,28
Mamahaha no Tsurego ga Motokano datta,2
Gintama.: Shirogane no Tamashii-hen,1
Shouwa Genroku Rakugo Shinjuu,3
Aho Girl,3
Sankarea,2
Yakusoku no Neverland,3
Sarusuberi: Miss Hokusai,1
Banana Fish,12
Gosick,4
Gatchaman Crowds: Insight,1
Aria the Natural,1
Precure All Stars Movie DX: Minna Tomodachi☆Kiseki no Zenin Daishuugou!,2
Fruits Version,1
Nodame Cantabile,1
Aruite Mikka!,1
Goblin Slayer,4
"Ore no Nounai Sentakushi ga, Gakuen Love Comedy wo Zenryoku de Jama Shiteiru",2
Gatchaman Crowds,2
Uchuu no Hou: Reimei-hen,1
Zankyou no Terror,4
IDOLiSH7 Third Beat!,2
Sasurai no Taiyou,1
Miru Tights,1
Yodel no Onna,1
Natsume Yuujinchou Roku Specials,1
Yuuki Yuuna wa Yuusha de Aru: Yuusha no Shou,1
Boruto: Naruto the Movie,1
The Big O,2
Isekai Ojisan,2
Ao Haru Ride,3
Wakaokami wa Shougakusei! Movie,1
Burn Up Excess,1
Sakurada Reset,1
Doraemon Movie 41: Nobita no Little Star Wars,1
Akanesasu Shoujo,1
Pokemon Sun & Moon,1
Elfen Lied,6
Mairimashita! Iruma-kun,4
Hajime no Ippo,4
Kidou Keisatsu Patlabor 2 the Movie,1
Aibeya The Animation,2
Kumichou Musume to Sewagakari,1
Shingeki no Kyojin Season 3,4
Musaigen no Phantom World,1
Kenja no Deshi wo Nanoru Kenja,6
Blue Period,34
"Sekai Saikou no Ansatsusha, Isekai Kizoku ni Tensei suru",13
Bakuten!!,2
Fukumenkei Noise,1
Ajin Part 2 OVA,1
Shaonu Qianxian: Renxing Xiao Juchang 2,1
Naruto: Shippuuden Movie 1,1
Futoku no Guild,2
Seikai no Senki Special,1
Bungou Stray Dogs 4th Season,2
Id:Invaded,4
Mousou Dairinin,5
7 Seeds,2
Zettai Karen Children,1
Ao Oni The Animation,2
Shoujo Nosferatu,1
Danshi Koukousei no Nichijou,2
Ged Senki,1
Ryman's Club,3
Dinosaur Biyori,1
Memories,1
Sunohara-sou no Kanrinin-san,2
"Yuusha, Yamemasu",2
Ookami Kodomo no Ame to Yuki,2
Kyuukyoku Shinka shita Full Dive RPG ga Genjitsu yori mo Kusoge Dattara,2
Iya na Kao sare nagara Opantsu Misete Moraitai,1
Mayonaka no Occult Koumuin,1
K: Seven Stories Movie 2 - Side:Blue - Tenrou no Gotoku,1
Space☆Dandy 2nd Season,1
Bai She II: Qing She Jie Qi,1
Heion Sedai no Idaten-tachi,1
PriPara & Kiratto Pri☆chan Movie: Kirakira Memorial Live,1
Hyouka,6
Mushikaburi-hime,2
Nazo no Kanojo X: Nazo no Natsu Matsuri,1
Gakkou no Kaidan,2
Orient,9
Bishoujo Senshi Sailor Moon R,1
Ai no Utagoe wo Kikasete,4
Cencoroll Connect,2
Zero kara Hajimeru Mahou no Sho,1
Yuugen Kaisha,1
Nyoro-n Churuya-san,1
Spy x Family Part 2,10
Odo,1
Massara,1
Azumanga Daiou The Animation,4
Fate/stay night: Unlimited Blade Works,1
Yeon-ae Halujeon 2,1
Amagi Brilliant Park,3
Maoyuu Maou Yuusha,1
Victorian Maid Maria no Houshi,1
Youkoso Jitsuryoku Shijou Shugi no Kyoushitsu e 2nd Season,2
Serial Experiments Lain,9
Ouran Koukou Host Club,5
Shigatsu wa Kimi no Uso,11
Kidou Senshi Gundam: Cucuruz Doan no Shima,1
Yoru wa Neko to Issho,2
Umi ga Kikoeru,2
IDOLiSH7,1
JoJo no Kimyou na Bouken (TV),5
Bishoujo Senshi Sailor Moon S,2
Getsuyoubi no Tawawa 2,2
Trigun: Badlands Rumble,1
Maou-jou de Oyasumi,1
City Hunter,1
8-shaku 8-wa Kerakumeguri: Igyou Kaikitan The Animation,2
Meiji Tokyo Renka,1
Cool Doji Danshi,3
Love Live! The School Idol Movie,2
ACCA: 13-ku Kansatsu-ka,2
Shijou Saikyou no Deshi Kenichi,1
Wonder Egg Priority,9
Tian Bao Fuyao Lu,1
Durarara!!x2 Shou: Watashi no Kokoro wa Nabe Moyou,1
Anehame: Ore no Hatsukoi ga Jisshi na Wake ga Nai,2
Eievui to Colorful Friends,1
Tanoshii Muumin Ikka,1
Shokei Shoujo no Virgin Road,1
ef: A Tale of Melodies.,1
Kemono Jihen,1
Nande Koko ni Sensei ga!?,1
Wo Qi Ku Le Baiwan Xiulian Zhe,1
Dou Shen Ji,1
Akira,7
Shigofumi,1
Osananajimi ga Zettai ni Makenai Love Comedy,2
Suki ni Naru Sono Shunkan wo. Kokuhaku Jikkou Iinkai,1
Sankaku Mado no Sotogawa wa Yoru,3
Mikakunin de Shinkoukei,1
Re-Main,2
Gyokou no Nikuko-chan,2
"Kimi to, Nami ni Noretara",4
Higurashi no Naku Koro ni Kira,1
Naruto: Shippuuden Movie 5 - Blood Prison,1
Rokudenashi Majutsu Koushi to Akashic Records,2
Chuunibyou demo Koi ga Shitai! Movie: Take On Me,1
Nu Wushen de Canzhuo Spring Festival Special,1
Piano no Mori (TV),1
A-Girl,1
Death Note,32
Gingitsune,1
Dungeon ni Deai wo Motomeru no wa Machigatteiru Darou ka III,2
Konjiki no Gash Bell!!,1
Mugen no Juunin: Immortal,1
New Initial D Movie: Legend 1 - Kakusei,1
DT Eightron,1
Sidonia no Kishi,1
Otome Game no Hametsu Flag shika Nai Akuyaku Reijou ni Tensei shiteshimatta...,4
Initial D First Stage,1
Jin-Rou,3
Kemonozume,1
Rhythmens,1
Katekyo Hitman Reborn!,1
Yuuki Yuuna wa Yuusha de Aru: Dai Mankai no Shou,1
Queen's Blade: Rurou no Senshi,1
Tetsuwan Birdy Decode: The Cipher,1
Tetsuwan Birdy Decode,1
Golgo 13,1
All Alone With You,1
Jigoku Shoujo,1
Initial D Fourth Stage,2
Haikyuu!! To the Top,2
Ore Monogatari!!,3
Tejina-senpai,2
Kitaku-bu Katsudou Kiroku,1
Kobayashi-san Chi no Maid Dragon S: Nippon no Omotenashi - Attend wa Dragon desu,3
The Everlasting Guilty Crown,1
Zhen Wu Dianfeng,1
BanG Dream! 5th Anniversary Animation: CiRCLE Thanks Party!,1
Mahou Shoujo Lyrical Nanoha: Reflection,1
Steins;Gate Movie: Fuka Ryouiki no Déjà vu,3
Ao no Kanata no Four Rhythm,1
Getsuyoubi no Tawawa 2 Special,1
To LOVE-Ru Darkness,1
Bishoujo Senshi Sailor Moon: Sailor Stars,1
Vanitas no Karte Part 2,4
Genjitsu Shugi Yuusha no Oukoku Saikenki Part 2,3
Oemojisangjuui,1
Kobayashi-san Chi no Maid Dragon S,5
Naruto SD: Rock Lee no Seishun Full-Power Ninden,2
Boku no Hero Academia 2nd Season,3
Blue Reflection Ray,1
Quanzhi Gaoshou: Dianfeng Rongyao,1
Jie Yao,1
Itazura na Kiss,2
Odd Taxi,18
Kekkai Sensen & Beyond,1
Aki-Sora: Yume no Naka,1
Ore wo Suki nano wa Omae dake ka yo,2
Milu Wang,1
Yuki,1
Ubasuteyama,1
Battle Programmer Shirase,1
Shukufuku no Campanella Specials,1
5-toubun no Hanayome ∬,2
"Flanders no Inu, Boku no Patrasche",1
Outbreak Company,1
Nanatsu no Taizai: Seisen no Shirushi,1
Shin Megami Tensei Devil Children,1
Suisei no Gargantia,1
Gake no Ue no Ponyo,1
Neko no Ongaeshi,1
Utsu Musume Sayuri,1
Revenger,3
El Cazador de la Bruja,1
Trinity Seven,2
Monogatari Series: Second Season,3
Ni no Kuni,1
Jinguizi,1
Green Green,1
Yami no Matsuei,1
Super Cub,1
Kimetsu no Yaiba: Mugen Ressha-hen,9
Ojamajo Doremi Na-i-sho,1
Aa! Megami-sama!,2
Sakamoto desu ga?,3
K: Seven Stories Movie 5 - Memory of Red - Burn,1
Chika Gentou Gekiga: Shoujo Tsubaki,1
Kakegurui,4
Ginga Eiyuu Densetsu Gaiden,1
Maria-sama ga Miteru 3rd,1
Bungou Stray Dogs 2nd Season,3
Noragami Aragoto,2
Lupin III: The First,1
Darker than Black: Ryuusei no Gemini,1
Musabi Daibakuhatsu,1
iDOLM@STER Xenoglossia Specials,1
Kagerou Daze: In a Day's,1
Otome Game no Hametsu Flag shika Nai Akuyaku Reijou ni Tensei shiteshimatta... X,2
Da Wang Rao Ming,10
Koutetsujou no Kabaneri Movie 3: Unato Kessen,1
Enen no Shouboutai: Ni no Shou,2
Black★Rock Shooter (TV),1
Star Wars: Visions,2
Houma Hunter Lime,1
Sword Art Online Alternative: Gun Gale Online,1
Taishou Otome Otogibanashi,10
Non Non Biyori Nonstop: Bukatsu wo Ganbatta,4
IGPX: Immortal Grand Prix (2005),1
Kerokko Demetan,1
Kidou Senshi Gundam: Senkou no Hathaway,2
Legend of Basara,1
Nanbaka,1
Yowamushi Pedal: Limit Break,1
Fumetsu no Anata e 2nd Season,2
Tasogare Otome x Amnesia: Taima Otome,1
Hataraku Maou-sama!!,2
Mononoke Hime,4
Tanaka-kun wa Itsumo Kedaruge,3
Bing Zhu Qi Hun,1
Ba Ma Laizi Er Ciyuan,1
Mach GoGoGo,1
"Slime Taoshite 300-nen, Shiranai Uchi ni Level Max ni Nattemashita",1
Shinmai Renkinjutsushi no Tenpo Keiei,1
Youkoso Japari Park,1
Turn A Gundam,1
Detective Conan,1
Fate/stay night Movie: Heaven's Feel - II. Lost Butterfly,2
Bamboo Blade,1
Oushitsu Kyoushi Heine,1
Saimin Seishidou,1
Uma Musume: Pretty Derby Season 2,1
Zhen Dao Ge: Chenshi Hang,1
Suzumiya Haruhi no Yuuutsu,1
Shirobako,1
Oshi ga Budoukan Ittekuretara Shinu,1
Senryuu Shoujo,1
Sakugan,1
Tensei Oujo to Tensai Reijou no Mahou Kakumei,7
Mushoku Tensei: Isekai Ittara Honki Dasu Part 2,34
Heike Monogatari,4
SSSS.Gridman,1
Shingeki no Kyojin Season 3 Part 2,5
With Pochi! Yoshi's Woolly World Special Anime,1
Kidou Keisatsu Patlabor,2
Natsume Yuujinchou,1
"Yosuga no Sora: In Solitude, Where We Are Least Alone.",1
Grisaia no Rakuen,1
Highschool of the Dead,2
Bakuon!!,1
Jidao Long Shen,1
Kingdom 3rd Season,3
Blend S,3
Chihayafuru,2
Akatsuki no Yona,2
Nagato Yuki-chan no Shoushitsu,1
Boku no Hero Academia,6
Condom Battler Gorou: Revive,1
Bakemonogatari,10
Mekakucity Actors,3
Fushigi no Umi no Nadia,1
Baka to Test to Shoukanjuu: Matsuri,1
Free!,1
Lie Huo Jiao Chou,1
Koisuru Asteroid,1
Lord El-Melloi II Sei no Jikenbo: Rail Zeppelin Grace Note,1
Zoku Owarimonogatari,1
Chiisana Tsubomi no Sono Oku ni...,1
Uchuu Senkan Yamato,2
Yong Sheng,1
Metal Fight Beyblade,1
Girls Bravo: Second Season,1
Puparia,1
Toaru Kagaku no Railgun S,1
Code Geass: Hangyaku no Lelouch R2,8
Da Li Si Rizhi 2nd Season,2
"Yuusha Party wo Tsuihou sareta Beast Tamer, Saikyoushu no Nekomimi Shoujo to Deau",5
Oshiete! Galko-chan,1
Baka to Test to Shoukanjuu Ni!,1
Planetes,1
"Ima, Soko ni Iru Boku",1
Kyoukai Senki,3
Mashiro-iro Symphony: The Color of Lovers,1
Xian Wang de Richang Shenghuo,1
UniteUp!,2
Shi Cao Lao Long Bei Guan Yi E Long Zhi Ming,1
Kakegurui Picture Drama,1
Demi-chan wa Kataritai,1
180 Byou de Kimi no Mimi wo Shiawase ni Dekiru ka?,2
Idoly Pride,1
Kaiba,3
Re:Zero kara Hajimeru Isekai Seikatsu 2nd Season Part 2,4
Yu☆Gi☆Oh! Duel Monsters,3
Suzuka,1
Godzilla: S.P,1
Bocchi the Rock!,59
Akachan to Boku,1
Fuuka,1
30-sai no Hoken Taiiku,1
Shaman King (2021),3
NieA Under 7,1
Jam,1
Xian Feng Jianyu Lu,1
Sen to Chihiro no Kamikakushi,5
Hataage! Kemono Michi,1
Gekkan Shoujo Nozaki-kun,2
Wakusei Daikaiju Negadon,1
Suzumiya Haruhi no Shoushitsu,2
Hanako,2
Fullmetal Alchemist: Brotherhood,36
Blue Lock,16
Gintama,9
Meng Qi Shi Shen,2
Venus Senki,1
Fate/stay night,3
Shadows House,3
Horimiya,29
Lipton #watashitolipton,1
Baka to Test to Shoukanjuu,3
Yingxiong Zai Lin,1
BanG Dream! Movie: Episode of Roselia - I: Yakusoku,2
Key the Metal Idol,1
Hatena☆Illusion,1
Eyeshield 21,1
Mahou Shoujo Madoka★Magica Movie 1: Hajimari no Monogatari,1
Bakuten!! Movie,1
Gangsta.,1
Wakako-zake,1
Piace: Watashi no Italian,2
Spy Kyoushitsu,1
Dungeon ni Deai wo Motomeru no wa Machigatteiru Darou ka IV: Fuka Shou - Yakusai-hen,1
Chokotto Anime Kemono Friends 3,1
FLCL,5
Thermae Romae Novae,2
Good Morning,2
Oniichan dakedo Ai sae Areba Kankeinai yo ne!,1
A-Channel,1
Sennen Joyuu,5
Amaama to Inazuma,2
Penguin's Memory: Shiawase Monogatari,1
Sorairo Utility,3
Tenkuu no Escaflowne,2
Seishun Buta Yarou wa Bunny Girl Senpai no Yume wo Minai,10
Shingeki no Kyojin,20
RoboMasters the Animated Series,1
Gakusen Toshi Asterisk,2
Yurumates,1
Ajin Part 2: Shoutotsu,1
Soul Eater NOT!,2
Sonic★the★Hedgehog,1
Clannad Movie,2
Arakawa Under the Bridge x Bridge,1
Koukaku Kidoutai,3
Shinryaku! Ika Musume,2
Karakai Jouzu no Takagi-san 2,1
"Tamayura: Hitotose - Attakai Kaze no Omoide, Nanode",1
Isekai Maou to Shoukan Shoujo no Dorei Majutsu Ω,1
Bleach: Sennen Kessen-hen,14
Bokura wa Minna Kawai-sou,3
Forever Rain,1
Sword Art Online: Full Dive - Opening Eizou,1
Angel Beats!,13
Fresh Precure!,1
Emiya-san Chi no Kyou no Gohan,2
Lodoss-tou Senki,2
Peach Girl,1
Kenpuu Denki Berserk,7
Peter Grill to Kenja no Jikan: Super Extra,1
Muv-Luv Alternative,3
Eiga Daisuki Pompo-san,2
Haiyore! Nyaruko-san,2
Handa-kun,1
Chuuka Ichiban!,1
Unbelievable Space Love,1
Ajin Part 3: Shougeki,1
Kidou Senshi Gundam II: Ai Senshi-hen,1
Kubikiri Cycle: Aoiro Savant to Zaregototsukai,1
Major 2nd,1
Kakegurui Twin,1
Comic Girls,3
Dead Leaves,1
Akebi-chan no Sailor-fuku,38
Kaijin Kaihatsu-bu no Kuroitsu-san,7
Kiseijuu: Sei no Kakuritsu,6
Piplup Step,1
Seirei Gensouki,2
Lupin III: Cagliostro no Shiro,2
BNA,2
Yuu☆Yuu☆Hakusho (Movie),1
Pandora to Akubi,2
Maria†Holic,1
Shuumatsu no Harem,16
Net-juu no Susume,3
Sabiiro no Armor: Reimei,5
Fugou Keiji: Balance:Unlimited,3
ReLIFE,5
Concrete Revolutio: Choujin Gensou,1
Oniichan wa Oshimai!,11
Ashita no Joe 2,5
Juubee Ninpuuchou,3
Pokemon Movie 03: Kesshoutou no Teiou Entei,1
Cipher,1
Busou Shoujo Machiavellianism,1
Natsume Yuujinchou: Ishi Okoshi to Ayashiki Raihousha,1
Promare,1
Mob Psycho 100 III,17
Hakozume: Kouban Joshi no Gyakushuu,9
Kagami no Kojou,1
3-gatsu no Lion 2nd Season,3
Bishoujo Senshi Sailor Moon,5
Akudama Drive,8
Kono Sekai no Katasumi ni,3
Xingchen Bian: Yu Li Cang Hai,1
Boku no Hero Academia the Movie 3: World Heroes' Mission,2
Kidou Senshi Gundam Thunderbolt: December Sky,1
Charlotte: Tsuyoimono-tachi,1
Joshikousei no Mudazukai,2
"Fuufu Ijou, Koibito Miman.",11
Naruto: Shippuuden,6
Hanasakeru Seishounen,1
Golgo 13: Queen Bee,2
Baki: Dai Raitaisai-hen,1
SSSS.Dynazenon,3
Spy x Family,8
Inou-Battle wa Nichijou-kei no Naka de,2
Death Note: Rewrite,3
Ex-Arm,3
Gokushufudou Season 2,5
Skip Beat!,2
Chikyuugai Shounen Shoujo,10
ViVid Strike!,1
Macross,4
Tengen Toppa Gurren Lagann Movie 2: Lagann-hen,1
Dungeon ni Deai wo Motomeru no wa Machigatteiru Darou ka,1
Kidou Senshi Gundam SEED,2
Koi Kaze,2
Ayakashi Triangle,1
Black Magic M-66,1
Poputepipikku,2
Gosenzo-sama Banbanzai!,1
Rockman.EXE,1
Midori no Hibi,1
Nitian Xie Shen,1
Clannad: After Story,7
Kuzu no Honkai,6
Shuumatsu no Walküre II,5
Uzaki-chan wa Asobitai!,2
Watashi ga Motete Dousunda,1
Liz to Aoi Tori,3
Hidamari Sketch,1
Garden: Takamine-ke no Nirinka - The Animation,2
Usagi to Kame,1
Kimi wa Kanata,2
Sonic: Night of the WereHog,1
Otonari no Tenshi-sama ni Itsunomanika Dame Ningen ni Sareteita Ken,7
Kaguya-sama wa Kokurasetai: First Kiss wa Owaranai,2
Kanojo mo Kanojo,5
Mahouka Koukou no Rettousei: Raihousha-hen,1
Shuumatsu Nani Shitemasu ka? Isogashii desu ka? Sukutte Moratte Ii desu ka?,4
Cike Wu Liuqi,4
Sakura Quest,2
Wu Liuqi: Xuanwu Guo Pian,4
Kamisama ni Natta Hi,1
Nudist Beach ni Shuugaku Ryokou de!! The Animation,1
Petit Eva: Evangelion@School,1
NieR:Automata Ver1.1a,6
Isekai Meikyuu de Harem wo Specials,1
Kaijuu no Kodomo,2
Hajimete no Gal,2
ReLIFE: Kanketsu-hen,1
Kara no Kyoukai Movie 7: Satsujin Kousatsu (Go),2
Ginga Kikoutai Majestic Prince,1
Youkoso! Sukebe Elf no Mori e,1
Kanon (2006),1
Kyoushoku Soukou Guyver (1989),1
Hanamonogatari,1
Shoujo Ramune,1
Kaguya-sama wa Kokurasetai? Tensai-tachi no Renai Zunousen,3
Yuukoku no Moriarty OVA,1
Karakai Jouzu no Takagi-san,3
Slam Dunk,2
Jibaku Shounen Hanako-kun,3
Usamimi Bouken-tan: Sexual Harassment Shinagara Sekai wo Sukue,1
Pupa,1
Mnemosyne: Mnemosyne no Musume-tachi,1
Psycho-Pass,5
Panty & Stocking with Garterbelt,2
Megami-ryou no Ryoubo-kun.,2
Full Metal Panic! Invisible Victory,1
"Oishinbo: Kyuukyoku tai Shikou, Chouju Ryouri Taiketsu!!",1
Jingai-san no Yome,1
Aria the Animation,1
Gaki ni Modotte Yarinaoshi!!!,1
Basilisk: Kouga Ninpou Chou,1
Yuukoku no Moriarty,3
Mahou Shoujo Madoka★Magica,4
Cowboy Bebop: Tengoku no Tobira,6
Soredemo Tsuma wo Aishiteru 2,1
Boku dake ga Inai Machi,8
Ousama Ranking,81
Xiao Lu He Xiao Lan,1
Evangelion: 2.0 You Can (Not) Advance,1
Shiki,4
Xingchen Bian,1
Boku no Hero Academia 3rd Season,1
Huan You Lieren,1
JoJo no Kimyou na Bouken,1
Nekojiru-sou,1
Mitsuboshi Colors,1
Takt Op. Destiny,9
Landlock,1
Kara no Kyoukai Movie 8: Shuushou,1
Hokuto no Ken: Raoh Gaiden Junai-hen,1
Fate/Prototype,1
Stars*Collection!,1
Hero Mask,1
Natsume Yuujinchou: Nyanko-sensei to Hajimete no Otsukai,1
Yarimoku Beach ni Shuugakuryokou de!! The Animation,1
Naruto Movie 1: Dai Katsugeki!! Yuki Hime Shinobu Houjou Dattebayo!,1
Trigun Stampede,14
Kidou Senshi Gundam 0080: Pocket no Naka no Sensou,6
Koori Zokusei Danshi to Cool na Douryou Joshi,3
Flip Flappers,1
Pretty x Cation 2 The Animation,1
Ookiku Furikabutte,1
Mashiro no Oto,3
Aisai,1
Chobits,1
High School Jingi,1
Tensei shitara Ken deshita,12
86,21
"Mori no Kuma-san, Toumin-chuu.",1
Idol Ace,1
Domestic na Kanojo,6
Lupin III: Part 6,3
Kaichou wa Maid-sama!,2
Tetsuwan Birdy Decode:02,1
Kage kara Mamoru!,1
Gyakkyou Burai Kaiji: Ultimate Survivor,2
Sonny Boy,14
Kidou Senshi Gundam: The Origin,2
Senyuu.,1
Quanzhi Fashi,1
Ningen Fushin no Boukensha-tachi ga Sekai wo Sukuu you desu,2
Black★Rock Shooter,1
K-On!!,4
Fate/stay night: Unlimited Blade Works 2nd Season,3
"Uchi no Ko no Tame naraba, Ore wa Moshikashitara Maou mo Taoseru kamo Shirenai.",1
Gakkougurashi!,1
Puraore! Pride of Orange,1
Juan Siliang,2
Kaguya-hime no Monogatari,2
Dragon Ball Super: Broly,3
Petit Seka,1
Tetsuwan Birdy,2
Chihayafuru 3,3
Katanagatari,1
Tada-kun wa Koi wo Shinai,3
Peach Boy Riverside,3
Tesla Note,1
Cross Game,1
Henkei Shoujo,1
Deji Meets Girl,1
Monster,14
Hanyou no Yashahime: Sengoku Otogizoushi - Ni no Shou,3
Magi: The Kingdom of Magic,1
Asagao to Kase-san.,1
Wangan Midnight,1
Super Senko-san Time Episode 12,1
Back Arrow,1
Bungou Stray Dogs,6
Ao Ashi,3
Steins;Gate,18
Xian Wang de Richang Shenghuo 3,1
Heartcatch Precure!,1
Violet Evergarden Gaiden: Eien to Jidou Shuki Ningyou,2
Top wo Nerae! Gunbuster,2
Metal Skin Panic MADOX-01,1
Deadman Wonderland,1
Natsume Yuujinchou Movie: Utsusemi ni Musubu,1
Hoshiai no Sora,1
Sword Art Online: Progressive Movie - Hoshi Naki Yoru no Aria,8
Saiki Kusuo no Ψ-nan,5
Karakai Jouzu no Takagi-san 3,30
Ookami to Koushinryou II: Ookami to Kohakuiro no Yuuutsu,1
Shokugeki no Souma: Gou no Sara,2
Kamiarizuki no Kodomo,3
Tenkuu Shinpan,1
Yuru Yuri San☆Hai!,1
Tiger Mask Nisei,1
Naruto Movie 2: Dai Gekitotsu! Maboroshi no Chiteiiseki Dattebayo!,1
Shakunetsu Kabaddi,2
Kuma Kuma Kuma Bear,3
Ergo Proxy,4
The Missing 8,2
Neon Genesis Evangelion: The End of Evangelion,6
Visual Prison,1
Nagagutsu wo Haita Neko,1
Cowboy Bebop: Yose Atsume Blues,1
Beelzebub,2
"Eiyuu-ou, Bu wo Kiwameru Tame Tenseisu: Soshite, Sekai Saikyou no Minarai Kishi♀",2
Vampire Hunter D (2000),4
Gleipnir,4
Lupin III: Part II,1
Mirai no Mirai,2
Blood Lad,2
Juuni Taisen,1
Tian Guan Ci Fu,4
Koe no Katachi,18
Xin Shen Bang: Yang Jian,2
Planetarian: Hoshi no Hito,1
"Elfen Lied: Tooriame nite Arui wa, Shoujo wa Ikani Shite Sono Shinjou ni Itatta ka? - Regenschauer",2
Last Exile,1
Fate/Grand Order: Shinsei Entaku Ryouiki Camelot 2 - Paladin; Agateram,5
Days (TV),1
Non Non Biyori Nonstop,3
Usagi Drop,2
Assassins Pride,1
Knight's & Magic,1
Dahufa,1
Yinhe Zhi Xin,1
Danna ga Nani wo Itteiru ka Wakaranai Ken,2
Kiss x Sis,1
Cuticle Tantei Inaba,1
Anime de Wakaru Shinryounaika,1
Inu x Boku SS,1
Kimetsu no Yaiba Movie: Mugen Ressha-hen,12
NHK ni Youkoso!,6
Imaizumin Chi wa Douyara Gal no Tamariba ni Natteru Rashii,1
Dorohedoro,4
Darker than Black: Kuro no Keiyakusha,2
Princess Principal: Crown Handler Movie 2,1
Doupo Cangqiong: San Nian Zhi Yue,6
Sekai Seifuku: Bouryaku no Zvezda,1
Jouran: The Princess of Snow and Blood,2
Let You Down,1
Nana,9
Chuan Shu Zijiu Zhinan,3
Shingeki no Bahamut: Virgin Soul,1
00:08,1
Shingeki no Kyojin: Kuinaki Sentaku,1
Shin Kidou Senki Gundam Wing: Endless Waltz Special,1
Stranger: Mukou Hadan,2
Souten no Ken: Regenesis,1
Yuu☆Yuu☆Hakusho: Mu Mu Hakusho - Nightmare Hakusho,1
Tengen Toppa Gurren Lagann: Ore no Gurren wa Pikka-Pika!!,1
Sakigake!! Otokojuku,1
Tian Mei De Yao Hen,1
Shingeki no Kyojin Season 2,7
"Kanojo, Okarishimasu",4
Heroic Age,1
Pokemon Generations,1
Gyakusatsu Kikan,1
Hinamatsuri (TV),1
Yuru Yuri,2
Naruto: Shippuuden Movie 3 - Hi no Ishi wo Tsugu Mono,2
Mouse,1
Uchuu Senkan Yamato 2199,1
Full Metal Panic? Fumoffu,3
Tunshi Xingkong,1
Grancrest Senki,1
Gunslinger Girl: Il Teatrino OVA,1
Bokutachi no Remake,3
Dungeon ni Deai wo Motomeru no wa Machigatteiru Darou ka IV: Shin Shou - Meikyuu-hen,1
Honzuki no Gekokujou: Shisho ni Naru Tame ni wa Shudan wo Erandeiraremasen,2
Karigurashi no Arrietty,1
One Room,1
Mahou Shoujo Lyrical Nanoha,2
Durarara!!,2
Carnival Phantasm,1
D.Gray-man,2
Amagami SS+ Plus,1
Re:Creators,3
Dolls' Frontline,3
Tonari no Kyuuketsuki-san,1
Devils Line,1
Fairy Tail: Final Series,2
Shuumatsu no Walküre,1
Kaleido Star,1
Kimi ni Todoke,2
Mind Game,2
The God of High School,1
Heavy Object,1
Gintama.,1
Tenkuu Danzai Skelter+Heaven,2
"Maou Gakuin no Futekigousha: Shijou Saikyou no Maou no Shiso, Tensei shite Shison-tachi no Gakkou e Kayou II",6
Isekai Nonbiri Nouka,6
Buddy Daddies,10
The First Slam Dunk,1
Blame!,1
My Little Goat,1
Densetsu Kyojin Ideon,1
Baraou no Souretsu,1
Canaan,1
Corpse Party: Tortured Souls - Bougyakusareta Tamashii no Jukyou,2
"Touch: Miss Lonely Yesterday - Are kara, Kimi wa...",1
Dragon Quest: Dai no Daibouken (2020),1
Gintama': Futon ni Haitte kara Buki Nokoshi ni Kizuite Neru ni Nerenai Toki mo Aru,1
Hidamari Sketch: Sae Hiro Sotsugyou-hen,1
Manga Sarutobi Sasuke,1
Battle Spirits: Brave,1
Kimi ga Nozomu Eien,1
Giant Killing,2
Yama no Susume Second Season,1
Gintama: Nanigoto mo Saiyo ga Kanjin nano de Tasho Senobisuru Kurai ga Choudoyoi,1
Lycoris Recoil,4
Zero no Tsukaima F,3
Kaze Tachinu,2
Saihate no Paladin,30
Amon: Devilman Mokushiroku,2
Mahou Shoujo Lyrical Nanoha: The Movie 1st,1
Hyouge Mono,1
Dance with Devils,1
Hibike! Euphonium Movie 3: Chikai no Finale,1
Drifters,4
Gabriel DropOut,2
Higurashi no Naku Koro ni Sotsu,3
"Maou Gakuin no Futekigousha: Shijou Saikyou no Maou no Shiso, Tensei shite Shison-tachi no Gakkou e Kayou",4
Dragon Ball Z Movie 14: Kami to Kami,2
Digimon Adventure: Bokura no War Game!,1
Monster Musume no Iru Nichijou,2
Nerawareta Gakuen,1
Rougo ni Sonaete Isekai de 8-manmai no Kinka wo Tamemasu,3
Danshi Koukousei no Nichijou Specials,1
Grisaia no Kajitsu,3
Diamond no Ace,3
Arifureta Shokugyou de Sekai Saikyou,6
Cardfight!! Vanguard (2018),1
Shishunki no Obenkyou,2
Ahiru no Sora,1
Gyakkou,1
Eiken: Eikenbu yori Ai wo Komete,1
Carole & Tuesday,3
K: Seven Stories Movie 1 - R:B - Blaze,1
Meikyuu Black Company,6
Gintama Movie 1: Shinyaku Benizakura-hen,3
Paripi Koumei,1
No Game No Life,3
Eizouken ni wa Te wo Dasu na!,4
"Kimi to Boku no Saigo no Senjou, Aruiwa Sekai ga Hajimaru Seisen",3
Shiguang Dailiren,9
Ansatsu Kyoushitsu 2nd Season,8
Fruits Basket 1st Season,7
Tokyo Ghoul,3
Battle Spirits: Saga Brave,1
Golgo 13 (TV),2
Chio-chan no Tsuugakuro,1
Kaguya-sama wa Kokurasetai: Tensai-tachi no Renai Zunousen,9
Tokyo Revengers,16
Yojouhan Shinwa Taikei,5
Kono Subarashii Sekai ni Shukufuku wo!,10
Soukihei MD Geist,1
Yukueshirezu,1
Miira no Kaikata,1
Accel World,2
Shiroi Suna no Aquatope,3
Bungou Stray Dogs: Dead Apple,1
Kaguya-sama wa Kokurasetai: Ultra Romantic Teaser PV - Ishigami Yuu wa Kataritai,1
Tensei shitara Slime Datta Ken 2nd Season Part 2,2
Mahouka Koukou no Rettousei: Tsuioku-hen,2
Blue Gender,2
Kotarou wa Hitorigurashi,26
Baccano!,6
Interstella5555: The 5tory of The 5ecret 5tar 5ystem,1
Inazuma Eleven,1
Blade & Soul,1
Abunai Sisters: Koko & Mika,1
One Punch Man,13
JoJo no Kimyou na Bouken Part 4: Diamond wa Kudakenai,5
Pokemon: The Origin,2
Claymore,5
Zhongguo Qi Tan,2
Soukyuu no Fafner: Dead Aggressor,3
Xie Wang Zhui Qi 3: Shen Nu Guilai,1
Koyomi History,1
World Trigger 3rd Season,9
Kappa no Coo to Natsuyasumi,1
Yuru Yuri Nachuyachumi!+,1
Dragon Half,1
Yumemakura Baku Twilight Gekijou,1
Kidou Butouden G Gundam,1
Fight Song,2
Readymade,1
Hokuto no Ken Movie,1
Flying Witch,2
Beck,2
Yawara!: Zutto Kimi no Koto ga...,1
Sword Art Online: Alicization,3
Digimon Adventure: Last Evolution Kizuna,2
Irozuku Sekai no Ashita kara,3
Attacker You!,1
Tu Bian Ying Xiong Leaf,1
Douluo Dalu,2
Fate/Grand Order: Zettai Majuu Sensen Babylonia,2
Shonan Junai Gumi!,1
Majo Minarai wo Sagashite,1
World Trigger,3
Toradora!: SOS! Kuishinbou Banbanzai,1
Pokemon XY,1
Kill Me Baby,1
Koukyoushihen Eureka Seven,2
Pui Pui Molcar,1
Noein: Mou Hitori no Kimi e,2
Grand Blue,7
Hibike! Euphonium 2,2
Walking Man,1
Hug tto! Precure,1
Date A Live,1
Penguin Highway,1
Cyberpunk: Edgerunners,13
Sword Art Online,13
"Kumo desu ga, Nani ka?",8
Cinnamon the Movie,1
Panchira Teacher,1
Maiko-san Chi no Makanai-san,2
One Piece Film: Z,1
Island,1
Zero no Tsukaima,5
Kuroshitsuji,1
Koyomimonogatari,1
Full Metal Panic! The Second Raid,1
Girls & Panzer: Saishuushou Part 3,7
Ryuugajou Nanana no Maizoukin,1
Daomu Biji Zhi Qinling Shen Shu,1
Asobi Asobase,11
Ajin,2
JoJo no Kimyou na Bouken Part 3: Stardust Crusaders,4
Aoki Honoo,1
Kono Subarashii Sekai ni Shukufuku wo! Kono Subarashii Choker ni Shukufuku wo!,2
Hinako Note,1
Kuraku Kuroku,1
Fairy Tail OVA (2016),1
Yasuke,2
Love Me: Kaede to Suzu The Animation,1
5-toubun no Hanayome,4
Josee to Tora to Sakana-tachi,9
Urusei Yatsura (2022),2
Shinobi no Ittoki,1
Akiba Meido Sensou,8
Nisemonogatari,2
Mieruko-chan,18
Ta ga Tame no Alchemist,1
Hametsu no Mars,3
Hataraku Saibou,5
Gegege no Kitarou (2018),2
Mermaid Melody Pichi Pichi Pitch,1
Assault Lily: Bouquet,2
Re:␣Hamatora,1
Lian Qi Lianle 3000 Nian,1
Fuuto Tantei,1
Mononoke,3
Katsudou Shashin,1
ViVid Strike! Specials,1
Gintama Movie 2: Kanketsu-hen - Yorozuya yo Eien Nare,1
Soukyuu no Fafner: Right of Left - Single Program,1
Dies Irae,1
"Shin Kimagure Orange☆Road: Soshite, Ano Natsu no Hajimari",1
Muteking the Dancing Hero,1
Maison Ikkoku,3
Black Clover,15
Beastars 2nd Season,3
Mirai Nikki (TV),6
Shinigami Bocchan to Kuro Maid,6
Kizumonogatari III: Reiketsu-hen,2
Maria-sama ga Miteru 4th,1
Mahou Shoujo Madoka★Magica Movie 3: Hangyaku no Monogatari,1
001,2
Hangyakusei Million Arthur,1
Toradora!: Bentou no Gokui,1
Haikyuu!!,8
Ojamajo Doremi Sharp Movie,1
Tribe Nine,4
Chuunibyou demo Koi ga Shitai!,4
Tenshi no Tamago,2
Romeo no Aoi Sora,1
Tennis no Ouji-sama,1
Kare Baka: Wagahai no Kare wa Baka de R,1
Midnight Eye: Gokuu,1
Precure All Stars Movie DX2: Kibou no Hikari☆Rainbow Jewel wo Mamore!,1
Given Movie,1
Born by Myself,1
Microphone Soul Spinners: Kotodama Shoujo,1
Nami yo Kiitekure,1
Waga Seishun no Arcadia: Mugen Kidou SSX,1
Violet Evergarden,16
Hanhua Riji 2nd Season,1
Death March kara Hajimaru Isekai Kyousoukyoku,2
Fruits Basket 2nd Season,1
Zombieland Saga Revenge,3
Shishunki Sex,1
Macross Flash Back 2012,1
Saikyou Onmyouji no Isekai Tenseiki,2
Hunter x Hunter (2011),21
Air,2
Haru wo Irodoru,1
Hotaru no Haka,7
Cleopatra D.C.,1
Yuru Camp△ Movie,1
Magic-Kyun! Renaissance,1
Kidou Senshi Zeta Gundam,1
Kidou Senshi Gundam,2
Ensemble Stars!,2
Tengen Toppa Gurren Lagann Movie 1: Gurren-hen,1
Liang Bu Yi,1
K-On!: Ura-On!,1
One Punch Man 2nd Season,3
Renai Flops,4
Witch Hunter Robin,1
Futsal Boys!!!!!,2
Doraemon (1979),1
Natsume Yuujinchou Roku,1
Masamune-kun no Revenge,1
Beelzebub-jou no Okinimesu mama.,1
Higurashi no Naku Koro ni,4
Houseki no Kuni,6
Luo Xiao Hei Zhan Ji (Movie),2
"Dakara Boku wa, H ga Dekinai.",1
Shouwa Genroku Rakugo Shinjuu: Sukeroku Futatabi-hen,1
Area 88 (TV),1
Shingeki! Kyojin Chuugakkou,1
The Last: Naruto the Movie,2
"Watashi, Nouryoku wa Heikinchi de tte Itta yo ne!",2
Nanatsu no Taizai,1
Bobobo-bo Bo-bobo,1
Dragon Ball,4
Kaze no Yukue,1
Kaze ga Tsuyoku Fuiteiru,6
Pokemon,3
Kakushigoto,3
Saiki Kusuo no Ψ-nan: Ψ-shidou-hen,1
Boogiepop wa Warawanai (2019),1
Lord El-Melloi II Sei no Jikenbo: Rail Zeppelin Grace Note Special,2
Gun x Sword-san,1
Bishoujo Senshi Sailor Moon SuperS: Sailor 9 Senshi Shuuketsu! Black Dream Hole no Kiseki,1
Sword Art Online: Progressive Movie - Kuraki Yuuyami no Scherzo,4
Watashi ga Motenai no wa Dou Kangaetemo Omaera ga Warui!,5
Sakura-sou no Pet na Kanojo,7
Yu☆Gi☆Oh! Sevens,3
Violet Evergarden Movie,17
Tsuki ga Michibiku Isekai Douchuu,4
Rurouni Kenshin: Meiji Kenkaku Romantan - Ishinshishi e no Chinkonka,1
Itai no wa Iya nano de Bougyoryoku ni Kyokufuri Shitai to Omoimasu.,8
Eiga de Toujou! Tamagotchi Dokidoki! Uchuu no Maigotchi!?,1
Quanzhi Gaoshou,1
Ore dake Haireru Kakushi Dungeon,5
NG Knight Ramune & 40,1
Tsukimonogatari,2
Jaku-Chara Tomozaki-kun,5
Perfect Blue,6
Ayakashi: Japanese Classic Horror,1
Ganbare Genki,1
Danganronpa: Kibou no Gakuen to Zetsubou no Koukousei The Animation,1
Tensei shitara Slime Datta Ken 2nd Season,1
Ajin Part 2,3
Koutetsujou no Kabaneri,2
Gakuen Alice,1
Ling Qi,2
Blade Runner: Black Out 2022,1
Kingdom,2
Yahari Ore no Seishun Love Comedy wa Machigatteiru. Kan,3
Isekai Harem Monogatari,1
Rurouni Kenshin: Meiji Kenkaku Romantan,1
"Ijiranaide, Nagatoro-san",15
Mochibei,1
Kono Oto Tomare!,4
Dumbbell Nan Kilo Moteru?,1
Futari wa Precure,1
Servant x Service,1
Toaru Kagaku no Railgun T,1
Koi to Senkyo to Chocolate,2
World Trigger 2nd Season,3
Caesura of Despair,1
Bleach,7
Coquelicot-zaka kara,2
Kimi no Suizou wo Tabetai,10
Pokemon Movie 17: Hakai no Mayu to Diancie,1
I'm Your Treasure Box: Anata wa Marine Senchou wo Takarabako kara Mitsuketa.,1
One Piece Movie 06: Omatsuri Danshaku to Himitsu no Shima,2
Pokemon (2019): Harukanaru Aoi Sora,1
HaruChika: Haruta to Chika wa Seishun suru,1
Vivy: Fluorite Eye's Song,15
D4DJ First Mix,1
Tales of the Abyss,1
Hige wo Soru. Soshite Joshikousei wo Hirou.,6
Death Parade,14
Code Geass: Hangyaku no Lelouch,12
Dororo,6
Toki wo Kakeru Shoujo,3
Tate no Yuusha no Nariagari,7
Girls Rush The Animation,4
Buddy Complex: Kanketsu-hen - Ano Sora ni Kaeru Mirai de,1
Nakitai Watashi wa Neko wo Kaburu,4
Log Horizon,2
You Yao,1
Gintama',2
Koi wa Sekai Seifuku no Ato de,3
Kaizoku Oujo,6
4-nin wa Sorezore Uso wo Tsuku,1
Majo no Tabitabi,3
Aldnoah.Zero,1
Kimagure Orange☆Road,1
Uma Musume: Pretty Derby,2
To LOVE-Ru Darkness 2nd,1
Aggressive Retsuko (ONA) 4th Season,1
Made in Abyss,13
Air Gear,1
Isekai Shokudou,1
The iDOLM@STER,1
JoJo no Kimyou na Bouken Part 5: Ougon no Kaze,5
Aoharu x Kikanjuu,1
Soukou Kihei Votoms: Pailsen Files,1
Btooom!,1
Shingeki no Kyojin: Lost Girls,1
Can Ci Pin: Fangzhu Xingkong,2
Hibike! Euphonium,1
Dragon Ball Kai,1
Ajin OVA,2
White Album 2,2
Kobayashi-san Chi no Maid Dragon,10
Shion no Ou,1
Astro Boy: Tetsuwan Atom,1
Kamichu!,1
Higurashi no Naku Koro ni Rei,1
Inazuma Eleven: Ares no Tenbin,1
Fate/stay night Movie: Heaven's Feel - III. Spring Song,7
Tensei shitara Slime Datta Ken Movie: Guren no Kizuna-hen,3
Pretty x Cation The Animation,2
Black Lagoon,1
Saezuru Tori wa Habatakanai: The Clouds Gather,2
Tensei shitara Slime Datta Ken OVA,1
Gundam: G no Reconguista Movie III - Uchuu kara no Isan,1
Ryuu to Sobakasu no Hime,40
Gantz:O,2
Nanatsu no Taizai: Funnu no Shinpan,1
Mimi wo Sumaseba,1
Boku no Pico,3
Golden Boy,3
A Ripple in Time,1
Sword Art Online II,3
Colorful (Movie),1
Akame ga Kill!,8
Rurouni Kenshin: Meiji Kenkaku Romantan - Tsuioku-hen,2
Free! Movie 5: The Final Stroke - Kouhen,1
Kodomo no Jikan (TV),1
25-sai no Joshikousei,1
Yuru Camp△ Season 2 Specials,1
Baby Steps,1
Isekai Cheat Magician,1
Natsume Yuujinchou Shi,1
Cheat Kusushi no Slow Life: Isekai ni Tsukurou Drugstore,1
Jujutsu Kaisen,16
Shin Kidou Senki Gundam Wing,1
Itsudatte Bokura no Koi wa 10 cm Datta.,2
Yoru no Pierrot (TeddyLoid Remix),1
Boku no Hero Academia 6th Season,1
Fairy Tail,4
Ikezu,1
Petshop of Horrors,2
Vampire Knight,2
Dragon Quest: Your Story,1
Golden Kamuy,1
Yuukoku no Moriarty Part 2,4
Isekai no Seikishi Monogatari,1
Aoi Bungaku Series,1
"Ijiranaide, Nagatoro-san 2nd Attack",1
86 Part 2,61
Hai to Gensou no Grimgar,5
Lupin III,1
Senpai ga Uzai Kouhai no Hanashi,8
Genjitsu Shugi Yuusha no Oukoku Saikenki,4
Afro-Ken,2
Shakunetsu no Takkyuu Musume,1
Plunderer,1
Meng Qi Shi Shen: Huanxi Zhui Hun,1
Inu ni Nattara Suki na Hito ni Hirowareta.,3
Ghost Hunt,2
Shinsekai yori,4
Happy Sugar Life,6
Kiznaiver,3
Kishibe Rohan wa Ugokanai,2
Bokura ga Ita,1
Jaku-Chara Tomozaki-kun Specials,1
Toaru Kagaku no Railgun T: Motto Marutto Railgun,1
Donguri to Yamaneko,1
Seishun Buta Yarou wa Yumemiru Shoujo no Yume wo Minai,3
Saenai Heroine no Sodatekata Fine,4
Go! Saitama,1
Kuro no Shoukanshi,1
Sabikui Bisco,19
Shoujo Kakumei Utena,1
Tonari no Kaibutsu-kun,2
Gintama': Enchousen,2
JK Bitch ni Shiboraretai,1
Queen Emeraldas,1
Blood-C,1
Harmony,1
"\"Dragon Ball Z Movie 15: Fukkatsu no \"\"F\"\"\"",2
Haikara-san ga Tooru Movie 2: Hana no Tokyo Dai Roman,1
Slow Loop,11
Lupin III: Part 5,2
Higurashi no Naku Koro ni Gou,2
Corrector Yui,1
Hotarubi no Mori e,2
Nomad: Megalo Box 2,6
Wanmei Shijie,1
Tottoko Hamtarou,1
Joshiraku,2
Sakasama no Patema,2
Bokutachi wa Benkyou ga Dekinai,1
Samurai Noodles: The Originator,1
Sasaki to Miyano,25
School Days,5
InuYasha Movie 3: Tenka Hadou no Ken,1
Nyan Koi!,1
Koi to Yobu ni wa Kimochi Warui,3
Saiki Kusuo no Ψ-nan: Kanketsu-hen,1
Kurenai no Buta,3
Ao no Exorcist: Kyoto Fujouou-hen,1
Toaru Hikuushi e no Tsuioku,1
Hikari no Ou,2
High Card,1
Fate/stay night Movie: Heaven's Feel - I. Presage Flower,2
Sugar Apple Fairy Tale,6
K-On! Movie,2
Kinsou no Vermeil: Gakeppuchi Majutsushi wa Saikyou no Yakusai to Mahou Sekai wo Tsukisusumu,1
Umibe no Étranger,7
Made in Abyss Movie 3: Fukaki Tamashii no Reimei,1
Joker Game,1
Itou Junji: Collection,1
Gintama: Yorinuki Gintama-san on Theater 2D,1
Meng Qi Shi Shen: Zaijie Liangyuan,3
Steins;Gate: Oukoubakko no Poriomania,2
Kino no Tabi: The Beautiful World,1
Ginga Tetsudou 999 (Movie),1
Yamato 2520,1
"Ore, Tsushima (ONA)",1
Hellsing Ultimate,8
The iDOLM@STER Live For You!,1
Yuru Camp△,5
Shenmue the Animation,4
Robotics;Notes,1
Kaze no Tani no Nausicaä,3
Gakuen Babysitters,2
Issho ni Sleeping: Sleeping with Hinako,1
Omoide Poroporo,3
Mairimashita! Iruma-kun 2nd Season,2
"Uchiage Hanabi, Shita kara Miru ka? Yoko kara Miru ka?",1
Kidou Senshi Gundam I,1
Shi Wan Ge Leng Xiaohua,1
Akane wa Tsumare Somerareru,2
Date A Live IV,1
Platonic Chain: Web,1
One Piece Movie 14: Stampede,1
Digimon Xros Wars,1
Yuri!!! on Ice,3
Gunslinger Girl: Il Teatrino,1
Di Gi Charat,1
Youjo Senki,2
Kyousou Giga (TV),1
Xian Wang de Richang Shenghuo 2,2
Sakamichi no Apollon,1
Yokohama Kaidashi Kikou,1
Cencoroll,1
Kimetsu no Yaiba: Yuukaku-hen,127
Byousoku 5 Centimeter,8
Lupin III: Lupin vs. Fukusei-ningen,1
Princess Connect! Re:Dive Season 2,13
Kuuchuu Buranko,1
Namakura Gatana,1
Joshikausei,1
Hidamari no Ki,1
Hina Logi: From Luck & Logic,1
Bright: Samurai Soul,1
Bokura no Nanokakan Sensou,1
Boku wa Tomodachi ga Sukunai,1
Fate/Apocrypha,1
Kyoukai no Rinne,1
Youkoso Jitsuryoku Shijou Shugi no Kyoushitsu e,5
3-gatsu no Lion,4
Overflow,2
Love Live! Sunshine!! The School Idol Movie: Over the Rainbow,1
Himouto! Umaru-chan,2
Koukyuu no Karasu,2
Zombieland Saga,4
Densetsu Kyojin Ideon: Hatsudou-hen,1
High School DxD Hero,1
Lucky☆Star,1
Sidonia no Kishi: Ai Tsumugu Hoshi,3
Mahoutsukai no Yome,1
Uchouten Kazoku,1
High Score Girl: Extra Stage,2
One Piece: Jango no Dance Carnival,1
Yesterday wo Utatte,2
Osake wa Fuufu ni Natte kara,2
Sasurai no Shoujo Nell,1
Dragon Ball Movie 3: Makafushigi Daibouken,1
Devilman: Crybaby,5
Seikai no Monshou Special,1
The Animatrix,2
"Tantei wa Mou, Shindeiru.",5
Getsuyoubi no Tawawa,1
Gokushufudou,2
Shokugeki no Souma: Ni no Sara,1
Ikoku Meiro no Croisée The Animation,1
Fate/Zero,3
Detroit Metal City,1
100-man no Inochi no Ue ni Ore wa Tatteiru,2
Rewrite,1
Needless,1
Sayonara no Asa ni Yakusoku no Hana wo Kazarou,4
Super Crooks,2
Ichiban Ushiro no Daimaou,1
Kami-tachi ni Hirowareta Otoko,1
Beastars,5
Kin no Kuni Mizu no Kuni,1
Wotaku ni Koi wa Muzukashii,6
No.6,1
Ura Sekai Picnic,4
Aku no Hana,2
Shanhe Jian Xin,1
Sora no Aosa wo Shiru Hito yo,1
Evangelion: 3.0 You Can (Not) Redo,1
Uchi no Shishou wa Shippo ga Nai,1
Munou na Nana,1
Kamisama Hajimemashita,1
High Score Girl,1
Gundam: G no Reconguista,1
Naruto Movie 3: Dai Koufun! Mikazuki Jima no Animaru Panikku Dattebayo!,1
Nokemono-tachi no Yoru,1
Charlotte,6
Nu Wushen de Canzhuo II,2
Seto no Hanayome,1
Touch,1
Candy Boy Episode: EX02 - Shiawase Kyouyuu Riron,1
Love Live! Sunshine!! 2nd Season,1
Seijo no Maryoku wa Bannou desu,5
Love Live! Superstar!!,1
Zetsuen no Tempest,3
Naruto,10
Uchi no Otouto Maji de Dekain Dakedo Mi ni Konai?,1
Inu-Ou,2
Platinum End,18
Yu☆Gi☆Oh! Arc-V,1
Runway de Waratte,1
Eve no Jikan,1
Saiki Kusuo no Ψ-nan 2,1
Tenki no Ko,7
Kawaikereba Hentai demo Suki ni Natte Kuremasu ka?,1
Mama wa Shougaku 4 Nensei,1
Karneval (TV),1
Pet,1
Shoujo Kyouiku RE,1
Tomodachi Game,1
Hana yori Dango,2
Uzaki-chan wa Asobitai! Double,1
Shitcom,2
Hanyou no Yashahime: Sengoku Otogizoushi,1
Afro Samurai: Resurrection,1
Zutto Mae kara Suki deshita. Kokuhaku Jikkou Iinkai: Kinyoubi no Ohayou,1
Fate/Extra: Last Encore - Illustrias Tendousetsu,2
Sidonia no Kishi: Daikyuu Wakusei Seneki,1
Mairimashita! Iruma-kun 3rd Season,2
Wolf's Rain,2
Redline,4
Shaman King,2
Girls & Panzer Movie,2
Saenai Heroine no Sodatekata,4
Hypnosis Mic: Division Rap Battle - Rhyme Anima,2
Houkago Teibou Nisshi,2
Kenja no Mago,4
Kaifuku Jutsushi no Yarinaoshi,9
Kengan Ashura,1
Haha wo Tazunete Sanzenri,1
Hoshi no Samidare,1
Mushishi,5
Fight Ippatsu! Juuden-chan!!,1
Houkago no Pleiades (TV),1
Hanebado!,2
Darwin's Game,3
Juuni Kokuki,3
Kimi no Iru Machi: Tasogare Kousaten,1
Eden (ONA),1
Crusher Joe OVA,1
Kiratto Pri☆chan Season 3,1
3D Onara Gorou ga Dance Dance Dance!!,1
Yama no Susume Third Season,1
Durarara!!x2 Ten,1
Kingdom 2nd Season,1
3-gatsu no Lion meets Bump of Chicken,1
Leadale no Daichi nite,15
Fate/stay night: Unlimited Blade Works 2nd Season - Sunny Day,1
Area 88,1
Mermaid Melody Pichi Pichi Pitch Pure,1
Cue!,2
Suki tte Ii na yo.,1
High School Fleet Movie,1
Kanamewo,1
Macross: Do You Remember Love?,2
Barakamon,6
Shoujo☆Kageki Revue Starlight Movie,7
Tamako Love Story,2
Shikkakumon no Saikyou Kenja,8
Bounty Hunter: The Hard,1
Summer Ghost,2
Inuyashiki,2
Karin,1
Saenai Heroine no Sodatekata ♭,1
Kemono Friends,1
Kamigami no Ki,1
Ooyukiumi no Kaina,2
Karakai Jouzu no Takagi-san Movie,1
Yuu☆Yuu☆Hakusho,4
Dr. Stone,4
◯,1
Isekai Shokudou 2,6
G.R.M.,1
Sono Hanabira ni Kuchizuke wo: Anata to Koibito Tsunagi,1
Takano Kousaten,2
Urusei Yatsura,1
Enen no Shouboutai,2
Ginga Densetsu Weed,1
Ojamajo Doremi,1
Sound & Fury,1
Toji no Miko,1
Kageki Shoujo!!,2
No Game No Life: Zero,1
Monster Strike The Animation,1
Touch: Cross Road - Kaze no Yukue,1
Yuru Yuri Nachuyachumi!,1
